id,name,generation,height_dm,weight_hg,base_experience
1,bulbasaur,generation-i,7,69,64
2,ivysaur,generation-i,10,130,142
3,venusaur,generation-i,20,1000,236
4,charmander,generation-i,6,85,62
5,charmeleon,generation-i,11,190,142
6,charizard,generation-i,17,905,240
7,squirtle,generation-i,5,90,63
8,wartortle,generation-i,10,225,142
9,blastoise,generation-i,16,855,239
10,caterpie,generation-i,3,29,39
11,metapod,generation-i,7,99,72
12,butterfree,generation-i,11,320,178
13,weedle,generation-i,3,32,39
14,kakuna,generation-i,6,100,72
15,beedrill,generation-i,10,295,178
16,pidgey,generation-i,3,18,50
17,pidgeotto,generation-i,11,300,122
18,pidgeot,generation-i,15,395,216
19,rattata,generation-i,3,35,51
20,raticate,generation-i,7,185,145
21,spearow,generation-i,3,20,52
22,fearow,generation-i,12,380,155
23,ekans,generation-i,20,69,58
24,arbok,generation-i,35,650,157
25,pikachu,generation-i,4,60,112
26,raichu,generation-i,8,300,218
27,sandshrew,generation-i,6,120,60
28,sandslash,generation-i,10,295,158
29,nidoran-f,generation-i,4,70,55
30,nidorina,generation-i,8,200,128
31,nidoqueen,generation-i,13,600,227
32,nidoran-m,generation-i,5,90,55
33,nidorino,generation-i,9,195,128
34,nidoking,generation-i,14,620,227
35,clefairy,generation-i,6,75,113
36,clefable,generation-i,13,400,217
37,vulpix,generation-i,6,99,60
38,ninetales,generation-i,11,199,177
39,jigglypuff,generation-i,5,55,95
40,wigglytuff,generation-i,10,120,196
41,zubat,generation-i,8,75,49
42,golbat,generation-i,16,550,159
43,oddish,generation-i,5,54,64
44,gloom,generation-i,8,86,138
45,vileplume,generation-i,12,186,221
46,paras,generation-i,3,54,57
47,parasect,generation-i,10,295,142
48,venonat,generation-i,10,300,61
49,venomoth,generation-i,15,125,158
50,diglett,generation-i,2,8,53
51,dugtrio,generation-i,7,333,149
52,meowth,generation-i,4,42,58
53,persian,generation-i,10,320,154
54,psyduck,generation-i,8,196,64
55,golduck,generation-i,17,766,175
56,mankey,generation-i,5,280,61
57,primeape,generation-i,10,320,159
58,growlithe,generation-i,7,190,70
59,arcanine,generation-i,19,1550,194
60,poliwag,generation-i,6,124,60
61,poliwhirl,generation-i,10,200,135
62,poliwrath,generation-i,13,540,230
63,abra,generation-i,9,195,62
64,kadabra,generation-i,13,565,140
65,alakazam,generation-i,15,480,225
66,machop,generation-i,8,195,61
67,machoke,generation-i,15,705,142
68,machamp,generation-i,16,1300,227
69,bellsprout,generation-i,7,40,60
70,weepinbell,generation-i,10,64,137
71,victreebel,generation-i,17,155,221
72,tentacool,generation-i,9,455,67
73,tentacruel,generation-i,16,550,180
74,geodude,generation-i,4,200,60
75,graveler,generation-i,10,1050,137
76,golem,generation-i,14,3000,223
77,ponyta,generation-i,10,300,82
78,rapidash,generation-i,17,950,175
79,slowpoke,generation-i,12,360,63
80,slowbro,generation-i,16,785,172
81,magnemite,generation-i,3,60,65
82,magneton,generation-i,10,600,163
83,farfetchd,generation-i,8,150,132
84,doduo,generation-i,14,392,62
85,dodrio,generation-i,18,852,165
86,seel,generation-i,11,900,65
87,dewgong,generation-i,17,1200,166
88,grimer,generation-i,9,300,65
89,muk,generation-i,12,300,175
90,shellder,generation-i,3,40,61
91,cloyster,generation-i,15,1325,184
92,gastly,generation-i,13,1,62
93,haunter,generation-i,16,1,142
94,gengar,generation-i,15,405,225
95,onix,generation-i,88,2100,77
96,drowzee,generation-i,10,324,66
97,hypno,generation-i,16,756,169
98,krabby,generation-i,4,65,65
99,kingler,generation-i,13,600,166
100,voltorb,generation-i,5,104,66
101,electrode,generation-i,12,666,172
102,exeggcute,generation-i,4,25,65
103,exeggutor,generation-i,20,1200,186
104,cubone,generation-i,4,65,64
105,marowak,generation-i,10,450,149
106,hitmonlee,generation-i,15,498,159
107,hitmonchan,generation-i,14,502,159
108,lickitung,generation-i,12,655,77
109,koffing,generation-i,6,10,68
110,weezing,generation-i,12,95,172
111,rhyhorn,generation-i,10,1150,69
112,rhydon,generation-i,19,1200,170
113,chansey,generation-i,11,346,395
114,tangela,generation-i,10,350,87
115,kangaskhan,generation-i,22,800,172
116,horsea,generation-i,4,80,59
117,seadra,generation-i,12,250,154
118,goldeen,generation-i,6,150,64
119,seaking,generation-i,13,390,158
120,staryu,generation-i,8,345,68
121,starmie,generation-i,11,800,182
122,mr-mime,generation-i,13,545,161
123,scyther,generation-i,15,560,100
124,jynx,generation-i,14,406,159
125,electabuzz,generation-i,11,300,172
126,magmar,generation-i,13,445,173
127,pinsir,generation-i,15,550,175
128,tauros,generation-i,14,884,172
129,magikarp,generation-i,9,100,40
130,gyarados,generation-i,65,2350,189
131,lapras,generation-i,25,2200,187
132,ditto,generation-i,3,40,101
133,eevee,generation-i,3,65,65
134,vaporeon,generation-i,10,290,184
135,jolteon,generation-i,8,245,184
136,flareon,generation-i,9,250,184
137,porygon,generation-i,8,365,79
138,omanyte,generation-i,4,75,71
139,omastar,generation-i,10,350,173
140,kabuto,generation-i,5,115,71
141,kabutops,generation-i,13,405,173
142,aerodactyl,generation-i,18,590,180
143,snorlax,generation-i,21,4600,189
144,articuno,generation-i,17,554,261
145,zapdos,generation-i,16,526,261
146,moltres,generation-i,20,600,261
147,dratini,generation-i,18,33,60
148,dragonair,generation-i,40,165,147
149,dragonite,generation-i,22,2100,270
150,mewtwo,generation-i,20,1220,306
151,mew,generation-i,4,40,270
152,chikorita,generation-ii,9,64,64
153,bayleef,generation-ii,12,158,142
154,meganium,generation-ii,18,1005,236
155,cyndaquil,generation-ii,5,79,62
156,quilava,generation-ii,9,190,142
157,typhlosion,generation-ii,17,795,240
158,totodile,generation-ii,6,95,63
159,croconaw,generation-ii,11,250,142
160,feraligatr,generation-ii,23,888,239
161,sentret,generation-ii,8,60,43
162,furret,generation-ii,18,325,145
163,hoothoot,generation-ii,7,212,52
164,noctowl,generation-ii,16,408,158
165,ledyba,generation-ii,10,108,53
166,ledian,generation-ii,14,356,137
167,spinarak,generation-ii,5,85,50
168,ariados,generation-ii,11,335,140
169,crobat,generation-ii,18,750,241
170,chinchou,generation-ii,5,120,66
171,lanturn,generation-ii,12,225,161
172,pichu,generation-ii,3,20,41
173,cleffa,generation-ii,3,30,44
174,igglybuff,generation-ii,3,10,42
175,togepi,generation-ii,3,15,49
176,togetic,generation-ii,6,32,142
177,natu,generation-ii,2,20,64
178,xatu,generation-ii,15,150,165
179,mareep,generation-ii,6,78,56
180,flaaffy,generation-ii,8,133,128
181,ampharos,generation-ii,14,615,230
182,bellossom,generation-ii,4,58,221
183,marill,generation-ii,4,85,88
184,azumarill,generation-ii,8,285,189
185,sudowoodo,generation-ii,12,380,144
186,politoed,generation-ii,11,339,225
187,hoppip,generation-ii,4,5,50
188,skiploom,generation-ii,6,10,119
189,jumpluff,generation-ii,8,30,207
190,aipom,generation-ii,8,115,72
191,sunkern,generation-ii,3,18,36
192,sunflora,generation-ii,8,85,149
193,yanma,generation-ii,12,380,78
194,wooper,generation-ii,4,85,42
195,quagsire,generation-ii,14,750,151
196,espeon,generation-ii,9,265,184
197,umbreon,generation-ii,10,270,184
198,murkrow,generation-ii,5,21,81
199,slowking,generation-ii,20,795,172
200,misdreavus,generation-ii,7,10,87
201,unown,generation-ii,5,50,118
202,wobbuffet,generation-ii,13,285,142
203,girafarig,generation-ii,15,415,159
204,pineco,generation-ii,6,72,58
205,forretress,generation-ii,12,1258,163
206,dunsparce,generation-ii,15,140,145
207,gligar,generation-ii,11,648,86
208,steelix,generation-ii,92,4000,179
209,snubbull,generation-ii,6,78,60
210,granbull,generation-ii,14,487,158
211,qwilfish,generation-ii,5,39,88
212,scizor,generation-ii,18,1180,175
213,shuckle,generation-ii,6,205,177
214,heracross,generation-ii,15,540,175
215,sneasel,generation-ii,9,280,86
216,teddiursa,generation-ii,6,88,66
217,ursaring,generation-ii,18,1258,175
218,slugma,generation-ii,7,350,50
219,magcargo,generation-ii,8,550,151
220,swinub,generation-ii,4,65,50
221,piloswine,generation-ii,11,558,158
222,corsola,generation-ii,6,50,144
223,remoraid,generation-ii,6,120,60
224,octillery,generation-ii,9,285,168
225,delibird,generation-ii,9,160,116
226,mantine,generation-ii,21,2200,170
227,skarmory,generation-ii,17,505,163
228,houndour,generation-ii,6,108,66
229,houndoom,generation-ii,14,350,175
230,kingdra,generation-ii,18,1520,243
231,phanpy,generation-ii,5,335,66
232,donphan,generation-ii,11,1200,175
233,porygon2,generation-ii,6,325,180
234,stantler,generation-ii,14,712,163
235,smeargle,generation-ii,12,580,88
236,tyrogue,generation-ii,7,210,42
237,hitmontop,generation-ii,14,480,159
238,smoochum,generation-ii,4,60,61
239,elekid,generation-ii,6,235,72
240,magby,generation-ii,7,214,73
241,miltank,generation-ii,12,755,172
242,blissey,generation-ii,15,468,608
243,raikou,generation-ii,19,1780,261
244,entei,generation-ii,21,1980,261
245,suicune,generation-ii,20,1870,261
246,larvitar,generation-ii,6,720,60
247,pupitar,generation-ii,12,1520,144
248,tyranitar,generation-ii,20,2020,270
249,lugia,generation-ii,52,2160,306
250,ho-oh,generation-ii,38,1990,306
251,celebi,generation-ii,6,50,270
252,treecko,generation-iii,5,50,62
253,grovyle,generation-iii,9,216,142
254,sceptile,generation-iii,17,522,239
255,torchic,generation-iii,4,25,62
256,combusken,generation-iii,9,195,142
257,blaziken,generation-iii,19,520,239
258,mudkip,generation-iii,4,76,62
259,marshtomp,generation-iii,7,280,142
260,swampert,generation-iii,15,819,241
261,poochyena,generation-iii,5,136,56
262,mightyena,generation-iii,10,370,147
263,zigzagoon,generation-iii,4,175,56
264,linoone,generation-iii,5,325,147
265,wurmple,generation-iii,3,36,56
266,silcoon,generation-iii,6,100,72
267,beautifly,generation-iii,10,284,178
268,cascoon,generation-iii,7,115,72
269,dustox,generation-iii,12,316,173
270,lotad,generation-iii,5,26,44
271,lombre,generation-iii,12,325,119
272,ludicolo,generation-iii,15,550,216
273,seedot,generation-iii,5,40,44
274,nuzleaf,generation-iii,10,280,119
275,shiftry,generation-iii,13,596,216
276,taillow,generation-iii,3,23,54
277,swellow,generation-iii,7,198,159
278,wingull,generation-iii,6,95,54
279,pelipper,generation-iii,12,280,154
280,ralts,generation-iii,4,66,40
281,kirlia,generation-iii,8,202,97
282,gardevoir,generation-iii,16,484,233
283,surskit,generation-iii,5,17,54
284,masquerain,generation-iii,8,36,159
285,shroomish,generation-iii,4,45,59
286,breloom,generation-iii,12,392,161
287,slakoth,generation-iii,8,240,56
288,vigoroth,generation-iii,14,465,154
289,slaking,generation-iii,20,1305,252
290,nincada,generation-iii,5,55,53
291,ninjask,generation-iii,8,120,160
292,shedinja,generation-iii,8,12,83
293,whismur,generation-iii,6,163,48
294,loudred,generation-iii,10,405,126
295,exploud,generation-iii,15,840,221
296,makuhita,generation-iii,10,864,47
297,hariyama,generation-iii,23,2538,166
298,azurill,generation-iii,2,20,38
299,nosepass,generation-iii,10,970,75
300,skitty,generation-iii,6,110,52
301,delcatty,generation-iii,11,326,140
302,sableye,generation-iii,5,110,133
303,mawile,generation-iii,6,115,133
304,aron,generation-iii,4,600,66
305,lairon,generation-iii,9,1200,151
306,aggron,generation-iii,21,3600,239
307,meditite,generation-iii,6,112,56
308,medicham,generation-iii,13,315,144
309,electrike,generation-iii,6,152,59
310,manectric,generation-iii,15,402,166
311,plusle,generation-iii,4,42,142
312,minun,generation-iii,4,42,142
313,volbeat,generation-iii,7,177,151
314,illumise,generation-iii,6,177,151
315,roselia,generation-iii,3,20,140
316,gulpin,generation-iii,4,103,60
317,swalot,generation-iii,17,800,163
318,carvanha,generation-iii,8,208,61
319,sharpedo,generation-iii,18,888,161
320,wailmer,generation-iii,20,1300,80
321,wailord,generation-iii,145,3980,175
322,numel,generation-iii,7,240,61
323,camerupt,generation-iii,19,2200,161
324,torkoal,generation-iii,5,804,165
325,spoink,generation-iii,7,306,66
326,grumpig,generation-iii,9,715,165
327,spinda,generation-iii,11,50,126
328,trapinch,generation-iii,7,150,58
329,vibrava,generation-iii,11,153,119
330,flygon,generation-iii,20,820,234
331,cacnea,generation-iii,4,513,67
332,cacturne,generation-iii,13,774,166
333,swablu,generation-iii,4,12,62
334,altaria,generation-iii,11,206,172
335,zangoose,generation-iii,13,403,160
336,seviper,generation-iii,27,525,160
337,lunatone,generation-iii,10,1680,161
338,solrock,generation-iii,12,1540,161
339,barboach,generation-iii,4,19,58
340,whiscash,generation-iii,9,236,164
341,corphish,generation-iii,6,115,62
342,crawdaunt,generation-iii,11,328,164
343,baltoy,generation-iii,5,215,60
344,claydol,generation-iii,15,1080,175
345,lileep,generation-iii,10,238,71
346,cradily,generation-iii,15,604,173
347,anorith,generation-iii,7,125,71
348,armaldo,generation-iii,15,682,173
349,feebas,generation-iii,6,74,40
350,milotic,generation-iii,62,1620,189
351,castform,generation-iii,3,8,147
352,kecleon,generation-iii,10,220,154
353,shuppet,generation-iii,6,23,59
354,banette,generation-iii,11,125,159
355,duskull,generation-iii,8,150,59
356,dusclops,generation-iii,16,306,159
357,tropius,generation-iii,20,1000,161
358,chimecho,generation-iii,6,10,159
359,absol,generation-iii,12,470,163
360,wynaut,generation-iii,6,140,52
361,snorunt,generation-iii,7,168,60
362,glalie,generation-iii,15,2565,168
363,spheal,generation-iii,8,395,58
364,sealeo,generation-iii,11,876,144
365,walrein,generation-iii,14,1506,239
366,clamperl,generation-iii,4,525,69
367,huntail,generation-iii,17,270,170
368,gorebyss,generation-iii,18,226,170
369,relicanth,generation-iii,10,234,170
370,luvdisc,generation-iii,6,87,116
371,bagon,generation-iii,6,421,60
372,shelgon,generation-iii,11,1105,147
373,salamence,generation-iii,15,1026,270
374,beldum,generation-iii,6,952,60
375,metang,generation-iii,12,2025,147
376,metagross,generation-iii,16,5500,270
377,regirock,generation-iii,17,2300,261
378,regice,generation-iii,18,1750,261
379,registeel,generation-iii,19,2050,261
380,latias,generation-iii,14,400,270
381,latios,generation-iii,20,600,270
382,kyogre,generation-iii,45,3520,302
383,groudon,generation-iii,35,9500,302
384,rayquaza,generation-iii,70,2065,306
385,jirachi,generation-iii,3,11,270
386,deoxys-normal,generation-iii,17,608,270
387,turtwig,generation-iv,4,102,64
388,grotle,generation-iv,11,970,142
389,torterra,generation-iv,22,3100,236
390,chimchar,generation-iv,5,62,62
391,monferno,generation-iv,9,220,142
392,infernape,generation-iv,12,550,240
393,piplup,generation-iv,4,52,63
394,prinplup,generation-iv,8,230,142
395,empoleon,generation-iv,17,845,239
396,starly,generation-iv,3,20,49
397,staravia,generation-iv,6,155,119
398,staraptor,generation-iv,12,249,218
399,bidoof,generation-iv,5,200,50
400,bibarel,generation-iv,10,315,144
401,kricketot,generation-iv,3,22,39
402,kricketune,generation-iv,10,255,134
403,shinx,generation-iv,5,95,53
404,luxio,generation-iv,9,305,127
405,luxray,generation-iv,14,420,235
406,budew,generation-iv,2,12,56
407,roserade,generation-iv,9,145,232
408,cranidos,generation-iv,9,315,70
409,rampardos,generation-iv,16,1025,173
410,shieldon,generation-iv,5,570,70
411,bastiodon,generation-iv,13,1495,173
412,burmy,generation-iv,2,34,45
413,wormadam-plant,generation-iv,5,65,148
414,mothim,generation-iv,9,233,148
415,combee,generation-iv,3,55,49
416,vespiquen,generation-iv,12,385,166
417,pachirisu,generation-iv,4,39,142
418,buizel,generation-iv,7,295,66
419,floatzel,generation-iv,11,335,173
420,cherubi,generation-iv,4,33,55
421,cherrim,generation-iv,5,93,158
422,shellos,generation-iv,3,63,65
423,gastrodon,generation-iv,9,299,166
424,ambipom,generation-iv,12,203,169
425,drifloon,generation-iv,4,12,70
426,drifblim,generation-iv,12,150,174
427,buneary,generation-iv,4,55,70
428,lopunny,generation-iv,12,333,168
429,mismagius,generation-iv,9,44,173
430,honchkrow,generation-iv,9,273,177
431,glameow,generation-iv,5,39,62
432,purugly,generation-iv,10,438,158
433,chingling,generation-iv,2,6,57
434,stunky,generation-iv,4,192,66
435,skuntank,generation-iv,10,380,168
436,bronzor,generation-iv,5,605,60
437,bronzong,generation-iv,13,1870,175
438,bonsly,generation-iv,5,150,58
439,mime-jr,generation-iv,6,130,62
440,happiny,generation-iv,6,244,110
441,chatot,generation-iv,5,19,144
442,spiritomb,generation-iv,10,1080,170
443,gible,generation-iv,7,205,60
444,gabite,generation-iv,14,560,144
445,garchomp,generation-iv,19,950,270
446,munchlax,generation-iv,6,1050,78
447,riolu,generation-iv,7,202,57
448,lucario,generation-iv,12,540,184
449,hippopotas,generation-iv,8,495,66
450,hippowdon,generation-iv,20,3000,184
451,skorupi,generation-iv,8,120,66
452,drapion,generation-iv,13,615,175
453,croagunk,generation-iv,7,230,60
454,toxicroak,generation-iv,13,444,172
455,carnivine,generation-iv,14,270,159
456,finneon,generation-iv,4,70,66
457,lumineon,generation-iv,12,240,161
458,mantyke,generation-iv,10,650,69
459,snover,generation-iv,10,505,67
460,abomasnow,generation-iv,22,1355,173
461,weavile,generation-iv,11,340,179
462,magnezone,generation-iv,12,1800,241
463,lickilicky,generation-iv,17,1400,180
464,rhyperior,generation-iv,24,2828,241
465,tangrowth,generation-iv,20,1286,187
466,electivire,generation-iv,18,1386,243
467,magmortar,generation-iv,16,680,243
468,togekiss,generation-iv,15,380,245
469,yanmega,generation-iv,19,515,180
470,leafeon,generation-iv,10,255,184
471,glaceon,generation-iv,8,259,184
472,gliscor,generation-iv,20,425,179
473,mamoswine,generation-iv,25,2910,239
474,porygon-z,generation-iv,9,340,241
475,gallade,generation-iv,16,520,233
476,probopass,generation-iv,14,3400,184
477,dusknoir,generation-iv,22,1066,236
478,froslass,generation-iv,13,266,168
479,rotom,generation-iv,3,3,154
480,uxie,generation-iv,3,3,261
481,mesprit,generation-iv,3,3,261
482,azelf,generation-iv,3,3,261
483,dialga,generation-iv,54,6830,306
484,palkia,generation-iv,42,3360,306
485,heatran,generation-iv,17,4300,270
486,regigigas,generation-iv,37,4200,302
487,giratina-altered,generation-iv,45,7500,306
488,cresselia,generation-iv,15,856,270
489,phione,generation-iv,4,31,216
490,manaphy,generation-iv,3,14,270
491,darkrai,generation-iv,15,505,270
492,shaymin-land,generation-iv,2,21,270
493,arceus,generation-iv,32,3200,324
494,victini,generation-v,4,40,270
495,snivy,generation-v,6,81,62
496,servine,generation-v,8,160,145
497,serperior,generation-v,33,630,238
498,tepig,generation-v,5,99,62
499,pignite,generation-v,10,555,146
500,emboar,generation-v,16,1500,238
501,oshawott,generation-v,5,59,62
502,dewott,generation-v,8,245,145
503,samurott,generation-v,15,946,238
504,patrat,generation-v,5,116,51
505,watchog,generation-v,11,270,147
506,lillipup,generation-v,4,41,55
507,herdier,generation-v,9,147,130
508,stoutland,generation-v,12,610,225
509,purrloin,generation-v,4,101,56
510,liepard,generation-v,11,375,156
511,pansage,generation-v,6,105,63
512,simisage,generation-v,11,305,174
513,pansear,generation-v,6,110,63
514,simisear,generation-v,10,280,174
515,panpour,generation-v,6,135,63
516,simipour,generation-v,10,290,174
517,munna,generation-v,6,233,58
518,musharna,generation-v,11,605,170
519,pidove,generation-v,3,21,53
520,tranquill,generation-v,6,150,125
521,unfezant,generation-v,12,290,220
522,blitzle,generation-v,8,298,59
523,zebstrika,generation-v,16,795,174
524,roggenrola,generation-v,4,180,56
525,boldore,generation-v,9,1020,137
526,gigalith,generation-v,17,2600,232
527,woobat,generation-v,4,21,65
528,swoobat,generation-v,9,105,149
529,drilbur,generation-v,3,85,66
530,excadrill,generation-v,7,404,178
531,audino,generation-v,11,310,390
532,timburr,generation-v,6,125,61
533,gurdurr,generation-v,12,400,142
534,conkeldurr,generation-v,14,870,227
535,tympole,generation-v,5,45,59
536,palpitoad,generation-v,8,170,134
537,seismitoad,generation-v,15,620,229
538,throh,generation-v,13,555,163
539,sawk,generation-v,14,510,163
540,sewaddle,generation-v,3,25,62
541,swadloon,generation-v,5,73,133
542,leavanny,generation-v,12,205,225
543,venipede,generation-v,4,53,52
544,whirlipede,generation-v,12,585,126
545,scolipede,generation-v,25,2005,218
546,cottonee,generation-v,3,6,56
547,whimsicott,generation-v,7,66,168
548,petilil,generation-v,5,66,56
549,lilligant,generation-v,11,163,168
550,basculin-red-striped,generation-v,10,180,161
551,sandile,generation-v,7,152,58
552,krokorok,generation-v,10,334,123
553,krookodile,generation-v,15,963,234
554,darumaka,generation-v,6,375,63
555,darmanitan-standard,generation-v,13,929,168
556,maractus,generation-v,10,280,161
557,dwebble,generation-v,3,145,65
558,crustle,generation-v,14,2000,170
559,scraggy,generation-v,6,118,70
560,scrafty,generation-v,11,300,171
561,sigilyph,generation-v,14,140,172
562,yamask,generation-v,5,15,61
563,cofagrigus,generation-v,17,765,169
564,tirtouga,generation-v,7,165,71
565,carracosta,generation-v,12,810,173
566,archen,generation-v,5,95,71
567,archeops,generation-v,14,320,177
568,trubbish,generation-v,6,310,66
569,garbodor,generation-v,19,1073,166
570,zorua,generation-v,7,125,66
571,zoroark,generation-v,16,811,179
572,minccino,generation-v,4,58,60
573,cinccino,generation-v,5,75,165
574,gothita,generation-v,4,58,58
575,gothorita,generation-v,7,180,137
576,gothitelle,generation-v,15,440,221
577,solosis,generation-v,3,10,58
578,duosion,generation-v,6,80,130
579,reuniclus,generation-v,10,201,221
580,ducklett,generation-v,5,55,61
581,swanna,generation-v,13,242,166
582,vanillite,generation-v,4,57,61
583,vanillish,generation-v,11,410,138
584,vanilluxe,generation-v,13,575,241
585,deerling,generation-v,6,195,67
586,sawsbuck,generation-v,19,925,166
587,emolga,generation-v,4,50,150
588,karrablast,generation-v,5,59,63
589,escavalier,generation-v,10,330,173
590,foongus,generation-v,2,10,59
591,amoonguss,generation-v,6,105,162
592,frillish-male,generation-v,12,330,67
593,jellicent-male,generation-v,22,1350,168
594,alomomola,generation-v,12,316,165
595,joltik,generation-v,1,6,64
596,galvantula,generation-v,8,143,165
597,ferroseed,generation-v,6,188,61
598,ferrothorn,generation-v,10,1100,171
599,klink,generation-v,3,210,60
600,klang,generation-v,6,510,154
601,klinklang,generation-v,6,810,234
602,tynamo,generation-v,2,3,55
603,eelektrik,generation-v,12,220,142
604,eelektross,generation-v,21,805,232
605,elgyem,generation-v,5,90,67
606,beheeyem,generation-v,10,345,170
607,litwick,generation-v,3,31,55
608,lampent,generation-v,6,130,130
609,chandelure,generation-v,10,343,234
610,axew,generation-v,6,180,64
611,fraxure,generation-v,10,360,144
612,haxorus,generation-v,18,1055,243
613,cubchoo,generation-v,5,85,61
614,beartic,generation-v,26,2600,177
615,cryogonal,generation-v,11,1480,180
616,shelmet,generation-v,4,77,61
617,accelgor,generation-v,8,253,173
618,stunfisk,generation-v,7,110,165
619,mienfoo,generation-v,9,200,70
620,mienshao,generation-v,14,355,179
621,druddigon,generation-v,16,1390,170
622,golett,generation-v,10,920,61
623,golurk,generation-v,28,3300,169
624,pawniard,generation-v,5,102,68
625,bisharp,generation-v,16,700,172
626,bouffalant,generation-v,16,946,172
627,rufflet,generation-v,5,105,70
628,braviary,generation-v,15,410,179
629,vullaby,generation-v,5,90,74
630,mandibuzz,generation-v,12,395,179
631,heatmor,generation-v,14,580,169
632,durant,generation-v,3,330,169
633,deino,generation-v,8,173,60
634,zweilous,generation-v,14,500,147
635,hydreigon,generation-v,18,1600,270
636,larvesta,generation-v,11,288,72
637,volcarona,generation-v,16,460,248
638,cobalion,generation-v,21,2500,261
639,terrakion,generation-v,19,2600,261
640,virizion,generation-v,20,2000,261
641,tornadus-incarnate,generation-v,15,630,261
642,thundurus-incarnate,generation-v,15,610,261
643,reshiram,generation-v,32,3300,306
644,zekrom,generation-v,29,3450,306
645,landorus-incarnate,generation-v,15,680,270
646,kyurem,generation-v,30,3250,297
647,keldeo-ordinary,generation-v,14,485,261
648,meloetta-aria,generation-v,6,65,270
649,genesect,generation-v,15,825,270
650,chespin,generation-vi,4,90,63
651,quilladin,generation-vi,7,290,142
652,chesnaught,generation-vi,16,900,239
653,fennekin,generation-vi,4,94,61
654,braixen,generation-vi,10,145,143
655,delphox,generation-vi,15,390,240
656,froakie,generation-vi,3,70,63
657,frogadier,generation-vi,6,109,142
658,greninja,generation-vi,15,400,239
659,bunnelby,generation-vi,4,50,47
660,diggersby,generation-vi,10,424,148
661,fletchling,generation-vi,3,17,56
662,fletchinder,generation-vi,7,160,134
663,talonflame,generation-vi,12,245,175
664,scatterbug,generation-vi,3,25,40
665,spewpa,generation-vi,3,84,75
666,vivillon,generation-vi,12,170,185
667,litleo,generation-vi,6,135,74
668,pyroar-male,generation-vi,15,815,177
669,flabebe,generation-vi,1,1,61
670,floette,generation-vi,2,9,130
671,florges,generation-vi,11,100,248
672,skiddo,generation-vi,9,310,70
673,gogoat,generation-vi,17,910,186
674,pancham,generation-vi,6,80,70
675,pangoro,generation-vi,21,1360,173
676,furfrou,generation-vi,12,280,165
677,espurr,generation-vi,3,35,71
678,meowstic-male,generation-vi,6,85,163
679,honedge,generation-vi,8,20,65
680,doublade,generation-vi,8,45,157
681,aegislash-shield,generation-vi,17,530,234
682,spritzee,generation-vi,2,5,68
683,aromatisse,generation-vi,8,155,162
684,swirlix,generation-vi,4,35,68
685,slurpuff,generation-vi,8,50,168
686,inkay,generation-vi,4,35,58
687,malamar,generation-vi,15,470,169
688,binacle,generation-vi,5,310,61
689,barbaracle,generation-vi,13,960,175
690,skrelp,generation-vi,5,73,64
691,dragalge,generation-vi,18,815,173
692,clauncher,generation-vi,5,83,66
693,clawitzer,generation-vi,13,353,100
694,helioptile,generation-vi,5,60,58
695,heliolisk,generation-vi,10,210,168
696,tyrunt,generation-vi,8,260,72
697,tyrantrum,generation-vi,25,2700,182
698,amaura,generation-vi,13,252,72
699,aurorus,generation-vi,27,2250,104
700,sylveon,generation-vi,10,235,184
701,hawlucha,generation-vi,8,215,175
702,dedenne,generation-vi,2,22,151
703,carbink,generation-vi,3,57,100
704,goomy,generation-vi,3,28,60
705,sliggoo,generation-vi,8,175,158
706,goodra,generation-vi,20,1505,270
707,klefki,generation-vi,2,30,165
708,phantump,generation-vi,4,70,62
709,trevenant,generation-vi,15,710,166
710,pumpkaboo-average,generation-vi,4,50,67
711,gourgeist-average,generation-vi,9,125,173
712,bergmite,generation-vi,10,995,61
713,avalugg,generation-vi,20,5050,180
714,noibat,generation-vi,5,80,49
715,noivern,generation-vi,15,850,187
716,xerneas,generation-vi,30,2150,306
717,yveltal,generation-vi,58,2030,306
718,zygarde-50,generation-vi,50,3050,270
719,diancie,generation-vi,7,88,270
720,hoopa,generation-vi,5,90,270
721,volcanion,generation-vi,17,1950,270
722,rowlet,generation-vii,3,15,64
723,dartrix,generation-vii,7,160,147
724,decidueye,generation-vii,16,366,239
725,litten,generation-vii,4,43,64
726,torracat,generation-vii,7,250,147
727,incineroar,generation-vii,18,830,239
728,popplio,generation-vii,4,75,64
729,brionne,generation-vii,6,175,147
730,primarina,generation-vii,18,440,239
731,pikipek,generation-vii,3,12,53
732,trumbeak,generation-vii,6,148,124
733,toucannon,generation-vii,11,260,218
734,yungoos,generation-vii,4,60,51
735,gumshoos,generation-vii,7,142,146
736,grubbin,generation-vii,4,44,60
737,charjabug,generation-vii,5,105,140
738,vikavolt,generation-vii,15,450,225
739,crabrawler,generation-vii,6,70,68
740,crabominable,generation-vii,17,1800,167
741,oricorio-baile,generation-vii,6,34,167
742,cutiefly,generation-vii,1,2,61
743,ribombee,generation-vii,2,5,162
744,rockruff,generation-vii,5,92,56
745,lycanroc-midday,generation-vii,8,250,170
746,wishiwashi-solo,generation-vii,2,3,61
747,mareanie,generation-vii,4,80,61
748,toxapex,generation-vii,7,145,173
749,mudbray,generation-vii,10,1100,77
750,mudsdale,generation-vii,25,9200,175
751,dewpider,generation-vii,3,40,54
752,araquanid,generation-vii,18,820,159
753,fomantis,generation-vii,3,15,50
754,lurantis,generation-vii,9,185,168
755,morelull,generation-vii,2,15,57
756,shiinotic,generation-vii,10,115,142
757,salandit,generation-vii,6,48,64
758,salazzle,generation-vii,12,222,168
759,stufful,generation-vii,5,68,68
760,bewear,generation-vii,21,1350,175
761,bounsweet,generation-vii,3,32,42
762,steenee,generation-vii,7,82,102
763,tsareena,generation-vii,12,214,230
764,comfey,generation-vii,1,3,170
765,oranguru,generation-vii,15,760,172
766,passimian,generation-vii,20,828,172
767,wimpod,generation-vii,5,120,46
768,golisopod,generation-vii,20,1080,186
769,sandygast,generation-vii,5,700,64
770,palossand,generation-vii,13,2500,168
771,pyukumuku,generation-vii,3,12,144
772,type-null,generation-vii,19,1205,107
773,silvally,generation-vii,23,1005,257
774,minior-red-meteor,generation-vii,3,400,154
775,komala,generation-vii,4,199,168
776,turtonator,generation-vii,20,2120,170
777,togedemaru,generation-vii,3,33,152
778,mimikyu-disguised,generation-vii,2,7,167
779,bruxish,generation-vii,9,190,166
780,drampa,generation-vii,30,1850,170
781,dhelmise,generation-vii,39,2100,181
782,jangmo-o,generation-vii,6,297,60
783,hakamo-o,generation-vii,12,470,147
784,kommo-o,generation-vii,16,782,270
785,tapu-koko,generation-vii,18,205,257
786,tapu-lele,generation-vii,12,186,257
787,tapu-bulu,generation-vii,19,455,257
788,tapu-fini,generation-vii,13,212,257
789,cosmog,generation-vii,2,1,40
790,cosmoem,generation-vii,1,9999,140
791,solgaleo,generation-vii,34,2300,306
792,lunala,generation-vii,40,1200,306
793,nihilego,generation-vii,12,555,257
794,buzzwole,generation-vii,24,3336,257
795,pheromosa,generation-vii,18,250,257
796,xurkitree,generation-vii,38,1000,257
797,celesteela,generation-vii,92,9999,257
798,kartana,generation-vii,3,1,257
799,guzzlord,generation-vii,55,8880,257
800,necrozma,generation-vii,24,2300,270
801,magearna,generation-vii,10,805,270
802,marshadow,generation-vii,7,222,270
803,poipole,generation-vii,6,18,189
804,naganadel,generation-vii,36,1500,243
805,stakataka,generation-vii,55,8200,257
806,blacephalon,generation-vii,18,130,257
807,zeraora,generation-vii,15,445,270
808,meltan,generation-vii,2,80,135
809,melmetal,generation-vii,25,8000,270
810,grookey,generation-viii,3,50,62
811,thwackey,generation-viii,7,140,147
812,rillaboom,generation-viii,21,900,265
813,scorbunny,generation-viii,3,45,62
814,raboot,generation-viii,6,90,147
815,cinderace,generation-viii,14,330,265
816,sobble,generation-viii,3,40,62
817,drizzile,generation-viii,7,115,147
818,inteleon,generation-viii,19,452,265
819,skwovet,generation-viii,3,25,55
820,greedent,generation-viii,6,60,161
821,rookidee,generation-viii,2,18,49
822,corvisquire,generation-viii,8,160,128
823,corviknight,generation-viii,22,750,248
824,blipbug,generation-viii,4,80,36
825,dottler,generation-viii,4,195,117
826,orbeetle,generation-viii,4,408,253
827,nickit,generation-viii,6,89,49
828,thievul,generation-viii,12,199,159
829,gossifleur,generation-viii,4,22,50
830,eldegoss,generation-viii,5,25,161
831,wooloo,generation-viii,6,60,122
832,dubwool,generation-viii,13,430,172
833,chewtle,generation-viii,3,85,57
834,drednaw,generation-viii,10,1155,170
835,yamper,generation-viii,3,135,54
836,boltund,generation-viii,10,340,172
837,rolycoly,generation-viii,3,120,48
838,carkol,generation-viii,11,780,144
839,coalossal,generation-viii,28,3105,255
840,applin,generation-viii,2,5,52
841,flapple,generation-viii,3,10,170
842,appletun,generation-viii,4,130,170
843,silicobra,generation-viii,22,76,63
844,sandaconda,generation-viii,38,655,179
845,cramorant,generation-viii,8,180,166
846,arrokuda,generation-viii,5,10,56
847,barraskewda,generation-viii,13,300,172
848,toxel,generation-viii,4,110,48
849,toxtricity-amped,generation-viii,16,400,176
850,sizzlipede,generation-viii,7,10,61
851,centiskorch,generation-viii,30,1200,184
852,clobbopus,generation-viii,6,40,62
853,grapploct,generation-viii,16,390,168
854,sinistea,generation-viii,1,2,62
855,polteageist,generation-viii,2,4,178
856,hatenna,generation-viii,4,34,53
857,hattrem,generation-viii,6,48,130
858,hatterene,generation-viii,21,51,255
859,impidimp,generation-viii,4,55,53
860,morgrem,generation-viii,8,125,130
861,grimmsnarl,generation-viii,15,610,255
862,obstagoon,generation-viii,16,460,260
863,perrserker,generation-viii,8,280,154
864,cursola,generation-viii,10,4,179
865,sirfetchd,generation-viii,8,1170,177
866,mr-rime,generation-viii,15,582,182
867,runerigus,generation-viii,16,666,169
868,milcery,generation-viii,2,3,54
869,alcremie,generation-viii,3,5,173
870,falinks,generation-viii,30,620,165
871,pincurchin,generation-viii,3,10,152
872,snom,generation-viii,3,38,37
873,frosmoth,generation-viii,13,420,166
874,stonjourner,generation-viii,25,5200,165
875,eiscue-ice,generation-viii,14,890,165
876,indeedee-male,generation-viii,9,280,166
877,morpeko-full-belly,generation-viii,3,30,153
878,cufant,generation-viii,12,1000,66
879,copperajah,generation-viii,30,6500,175
880,dracozolt,generation-viii,18,1900,177
881,arctozolt,generation-viii,23,1500,177
882,dracovish,generation-viii,23,2150,177
883,arctovish,generation-viii,20,1750,177
884,duraludon,generation-viii,18,400,187
885,dreepy,generation-viii,5,20,54
886,drakloak,generation-viii,14,110,144
887,dragapult,generation-viii,30,500,300
888,zacian,generation-viii,28,1100,335
889,zamazenta,generation-viii,29,2100,335
890,eternatus,generation-viii,200,9500,345
891,kubfu,generation-viii,6,120,77
892,urshifu-single-strike,generation-viii,19,1050,275
893,zarude,generation-viii,18,700,300
894,regieleki,generation-viii,12,1450,290
895,regidrago,generation-viii,21,2000,290
896,glastrier,generation-viii,22,8000,290
897,spectrier,generation-viii,20,445,290
898,calyrex,generation-viii,11,77,250
899,wyrdeer,generation-viii,18,951,263
900,kleavor,generation-viii,18,890,175
901,ursaluna,generation-viii,24,2900,275
902,basculegion-male,generation-viii,30,1100,265
903,sneasler,generation-viii,13,430,102
904,overqwil,generation-viii,25,605,179
905,enamorus-incarnate,generation-viii,16,480,116
906,sprigatito,generation-ix,4,41,62
907,floragato,generation-ix,9,122,144
908,meowscarada,generation-ix,15,312,265
909,fuecoco,generation-ix,4,98,62
910,crocalor,generation-ix,10,307,144
911,skeledirge,generation-ix,16,3265,265
912,quaxly,generation-ix,5,61,62
913,quaxwell,generation-ix,12,215,144
914,quaquaval,generation-ix,18,619,265
915,lechonk,generation-ix,5,102,51
916,oinkologne-male,generation-ix,10,1200,171
917,tarountula,generation-ix,3,40,42
918,spidops,generation-ix,10,165,141
919,nymble,generation-ix,2,10,42
920,lokix,generation-ix,10,175,158
921,pawmi,generation-ix,3,25,48
922,pawmo,generation-ix,4,65,123
923,pawmot,generation-ix,9,410,245
924,tandemaus,generation-ix,3,18,61
925,maushold-family-of-four,generation-ix,3,23,165
926,fidough,generation-ix,3,109,62
927,dachsbun,generation-ix,5,149,167
928,smoliv,generation-ix,3,65,52
929,dolliv,generation-ix,6,119,124
930,arboliva,generation-ix,14,482,255
931,squawkabilly-green-plumage,generation-ix,6,24,146
932,nacli,generation-ix,4,160,56
933,naclstack,generation-ix,6,1050,124
934,garganacl,generation-ix,23,2400,250
935,charcadet,generation-ix,6,105,51
936,armarouge,generation-ix,15,850,263
937,ceruledge,generation-ix,16,620,263
938,tadbulb,generation-ix,3,4,54
939,bellibolt,generation-ix,12,1130,173
940,wattrel,generation-ix,4,36,56
941,kilowattrel,generation-ix,14,386,172
942,maschiff,generation-ix,5,160,68
943,mabosstiff,generation-ix,11,610,177
944,shroodle,generation-ix,2,7,58
945,grafaiai,generation-ix,7,272,170
946,bramblin,generation-ix,6,6,55
947,brambleghast,generation-ix,12,60,168
948,toedscool,generation-ix,9,330,67
949,toedscruel,generation-ix,19,580,180
950,klawf,generation-ix,13,790,158
951,capsakid,generation-ix,3,30,61
952,scovillain,generation-ix,9,150,170
953,rellor,generation-ix,2,10,54
954,rabsca,generation-ix,3,35,165
955,flittle,generation-ix,2,15,51
956,espathra,generation-ix,19,900,168
957,tinkatink,generation-ix,4,89,59
958,tinkatuff,generation-ix,7,591,133
959,tinkaton,generation-ix,7,1128,253
960,wiglett,generation-ix,12,18,49
961,wugtrio,generation-ix,12,54,149
962,bombirdier,generation-ix,15,429,243
963,finizen,generation-ix,13,602,63
964,palafin-zero,generation-ix,13,602,160
965,varoom,generation-ix,10,350,60
966,revavroom,generation-ix,18,1200,175
967,cyclizar,generation-ix,16,630,175
968,orthworm,generation-ix,25,3100,240
969,glimmet,generation-ix,7,80,70
970,glimmora,generation-ix,15,450,184
971,greavard,generation-ix,6,350,58
972,houndstone,generation-ix,20,150,171
973,flamigo,generation-ix,16,370,175
974,cetoddle,generation-ix,12,450,67
975,cetitan,generation-ix,45,7000,182
976,veluza,generation-ix,25,900,167
977,dondozo,generation-ix,120,2200,265
978,tatsugiri-curly,generation-ix,3,80,166
979,annihilape,generation-ix,12,560,268
980,clodsire,generation-ix,18,2230,151
981,farigiraf,generation-ix,32,1600,260
982,dudunsparce-two-segment,generation-ix,36,392,182
983,kingambit,generation-ix,20,1200,275
984,great-tusk,generation-ix,22,3200,285
985,scream-tail,generation-ix,12,80,285
986,brute-bonnet,generation-ix,12,210,285
987,flutter-mane,generation-ix,14,40,285
988,slither-wing,generation-ix,32,920,285
989,sandy-shocks,generation-ix,23,600,285
990,iron-treads,generation-ix,9,2400,285
991,iron-bundle,generation-ix,6,110,285
992,iron-hands,generation-ix,18,3807,285
993,iron-jugulis,generation-ix,13,1110,285
994,iron-moth,generation-ix,12,360,285
995,iron-thorns,generation-ix,16,3030,285
996,frigibax,generation-ix,5,170,64
997,arctibax,generation-ix,8,300,148
998,baxcalibur,generation-ix,21,2100,300
999,gimmighoul,generation-ix,3,50,60
1000,gholdengo,generation-ix,12,300,275
1001,wo-chien,generation-ix,15,742,285
1002,chien-pao,generation-ix,19,1522,285
1003,ting-lu,generation-ix,27,6997,285
1004,chi-yu,generation-ix,4,49,285
1005,roaring-moon,generation-ix,20,3800,295
1006,iron-valiant,generation-ix,14,350,295
1007,koraidon,generation-ix,25,3030,335
1008,miraidon,generation-ix,35,2400,335
1009,walking-wake,generation-ix,35,2800,295
1010,iron-leaves,generation-ix,15,1250,295
1011,dipplin,generation-ix,4,97,170
1012,poltchageist,generation-ix,1,11,62
1013,sinistcha,generation-ix,2,22,178
1014,okidogi,generation-ix,18,922,278
1015,munkidori,generation-ix,10,122,278
1016,fezandipiti,generation-ix,14,301,278
1017,ogerpon,generation-ix,12,398,275
1018,archaludon,generation-ix,20,600,300
1019,hydrapple,generation-ix,18,930,270
1020,gouging-fire,generation-ix,35,5900,295
1021,raging-bolt,generation-ix,52,4800,295
1022,iron-boulder,generation-ix,15,1625,295
1023,iron-crown,generation-ix,16,1560,295
1024,terapagos,generation-ix,2,65,90
1025,pecharunt,generation-ix,3,3,300
10001,deoxys-attack,generation-iii,17,608,270
10002,deoxys-defense,generation-iii,17,608,270
10003,deoxys-speed,generation-iii,17,608,270
10004,wormadam-sandy,generation-iv,5,65,148
10005,wormadam-trash,generation-iv,5,65,148
10006,shaymin-sky,generation-iv,4,52,270
10007,giratina-origin,generation-iv,69,6500,340
10008,rotom-heat,generation-iv,3,3,182
10009,rotom-wash,generation-iv,3,3,182
10010,rotom-frost,generation-iv,3,3,182
10011,rotom-fan,generation-iv,3,3,182
10012,rotom-mow,generation-iv,3,3,182
10013,castform-sunny,generation-iii,3,8,147
10014,castform-rainy,generation-iii,3,8,147
10015,castform-snowy,generation-iii,3,8,147
10016,basculin-blue-striped,generation-v,10,180,161
10017,darmanitan-zen,generation-v,13,929,189
10018,meloetta-pirouette,generation-v,6,65,270
10019,tornadus-therian,generation-v,14,630,290
10020,thundurus-therian,generation-v,30,610,290
10021,landorus-therian,generation-v,13,680,300
10022,kyurem-black,generation-v,33,3250,350
10023,kyurem-white,generation-v,36,3250,350
10024,keldeo-resolute,generation-v,14,485,290
10025,meowstic-female,generation-vi,6,85,163
10026,aegislash-blade,generation-vi,17,530,250
10027,pumpkaboo-small,generation-vi,3,35,67
10028,pumpkaboo-large,generation-vi,5,75,67
10029,pumpkaboo-super,generation-vi,8,150,67
10030,gourgeist-small,generation-vi,7,95,173
10031,gourgeist-large,generation-vi,11,140,173
10032,gourgeist-super,generation-vi,17,390,173
10033,venusaur-mega,generation-i,24,1555,281
10034,charizard-mega-x,generation-i,17,1105,285
10035,charizard-mega-y,generation-i,17,1005,285
10036,blastoise-mega,generation-i,16,1011,284
10037,alakazam-mega,generation-i,12,480,270
10038,gengar-mega,generation-i,14,405,270
10039,kangaskhan-mega,generation-i,22,1000,207
10040,pinsir-mega,generation-i,17,590,210
10041,gyarados-mega,generation-i,65,3050,224
10042,aerodactyl-mega,generation-i,21,790,215
10043,mewtwo-mega-x,generation-i,23,1270,351
10044,mewtwo-mega-y,generation-i,15,330,351
10045,ampharos-mega,generation-ii,14,615,275
10046,scizor-mega,generation-ii,20,1250,210
10047,heracross-mega,generation-ii,17,625,210
10048,houndoom-mega,generation-ii,19,495,210
10049,tyranitar-mega,generation-ii,25,2550,315
10050,blaziken-mega,generation-iii,19,520,284
10051,gardevoir-mega,generation-iii,16,484,278
10052,mawile-mega,generation-iii,10,235,168
10053,aggron-mega,generation-iii,22,3950,284
10054,medicham-mega,generation-iii,13,315,179
10055,manectric-mega,generation-iii,18,440,201
10056,banette-mega,generation-iii,12,130,194
10057,absol-mega,generation-iii,12,490,198
10058,garchomp-mega,generation-iv,19,950,315
10059,lucario-mega,generation-iv,13,575,219
10060,abomasnow-mega,generation-iv,27,1850,208
10061,floette-eternal,generation-vi,2,9,243
10062,latias-mega,generation-iii,18,520,315
10063,latios-mega,generation-iii,23,700,315
10064,swampert-mega,generation-iii,19,1020,286
10065,sceptile-mega,generation-iii,19,552,284
10066,sableye-mega,generation-iii,5,1610,168
10067,altaria-mega,generation-iii,15,206,207
10068,gallade-mega,generation-iv,16,564,278
10069,audino-mega,generation-v,15,320,425
10070,sharpedo-mega,generation-iii,25,1303,196
10071,slowbro-mega,generation-i,20,1200,207
10072,steelix-mega,generation-ii,105,7400,214
10073,pidgeot-mega,generation-i,22,505,261
10074,glalie-mega,generation-iii,21,3502,203
10075,diancie-mega,generation-vi,11,278,315
10076,metagross-mega,generation-iii,25,9429,315
10077,kyogre-primal,generation-iii,98,4300,347
10078,groudon-primal,generation-iii,50,9997,347
10079,rayquaza-mega,generation-iii,108,3920,351
10080,pikachu-rock-star,generation-i,4,60,112
10081,pikachu-belle,generation-i,4,60,112
10082,pikachu-pop-star,generation-i,4,60,112
10083,pikachu-phd,generation-i,4,60,112
10084,pikachu-libre,generation-i,4,60,112
10085,pikachu-cosplay,generation-i,4,60,112
10086,hoopa-unbound,generation-vi,65,4900,306
10087,camerupt-mega,generation-iii,25,3205,196
10088,lopunny-mega,generation-iv,13,283,203
10089,salamence-mega,generation-iii,18,1126,315
10090,beedrill-mega,generation-i,14,405,223
10091,rattata-alola,generation-i,3,38,51
10092,raticate-alola,generation-i,7,255,145
10093,raticate-totem-alola,generation-i,14,1050,145
10094,pikachu-original-cap,generation-i,4,60,112
10095,pikachu-hoenn-cap,generation-i,4,60,112
10096,pikachu-sinnoh-cap,generation-i,4,60,112
10097,pikachu-unova-cap,generation-i,4,60,112
10098,pikachu-kalos-cap,generation-i,4,60,112
10099,pikachu-alola-cap,generation-i,4,60,112
10100,raichu-alola,generation-i,7,210,243
10101,sandshrew-alola,generation-i,7,400,60
10102,sandslash-alola,generation-i,12,550,158
10103,vulpix-alola,generation-i,6,99,60
10104,ninetales-alola,generation-i,11,199,177
10105,diglett-alola,generation-i,2,10,53
10106,dugtrio-alola,generation-i,7,666,149
10107,meowth-alola,generation-i,4,42,58
10108,persian-alola,generation-i,11,330,154
10109,geodude-alola,generation-i,4,203,60
10110,graveler-alola,generation-i,10,1100,137
10111,golem-alola,generation-i,17,3160,223
10112,grimer-alola,generation-i,7,420,65
10113,muk-alola,generation-i,10,520,175
10114,exeggutor-alola,generation-i,109,4156,186
10115,marowak-alola,generation-i,10,340,149
10116,greninja-battle-bond,generation-vi,15,400,239
10117,greninja-ash,generation-vi,15,400,288
10118,zygarde-10-power-construct,generation-vi,12,335,243
10119,zygarde-50-power-construct,generation-vi,50,3050,300
10120,zygarde-complete,generation-vi,45,6100,354
10121,gumshoos-totem,generation-vii,14,600,146
10122,vikavolt-totem,generation-vii,26,1475,225
10123,oricorio-pom-pom,generation-vii,6,34,167
10124,oricorio-pau,generation-vii,6,34,167
10125,oricorio-sensu,generation-vii,6,34,167
10126,lycanroc-midnight,generation-vii,11,250,170
10127,wishiwashi-school,generation-vii,82,786,217
10128,lurantis-totem,generation-vii,15,580,168
10129,salazzle-totem,generation-vii,21,810,168
10130,minior-orange-meteor,generation-vii,3,400,154
10131,minior-yellow-meteor,generation-vii,3,400,154
10132,minior-green-meteor,generation-vii,3,400,154
10133,minior-blue-meteor,generation-vii,3,400,154
10134,minior-indigo-meteor,generation-vii,3,400,154
10135,minior-violet-meteor,generation-vii,3,400,154
10136,minior-red,generation-vii,3,3,175
10137,minior-orange,generation-vii,3,3,175
10138,minior-yellow,generation-vii,3,3,175
10139,minior-green,generation-vii,3,3,175
10140,minior-blue,generation-vii,3,3,175
10141,minior-indigo,generation-vii,3,3,175
10142,minior-violet,generation-vii,3,3,175
10143,mimikyu-busted,generation-vii,2,7,167
10144,mimikyu-totem-disguised,generation-vii,4,28,167
10145,mimikyu-totem-busted,generation-vii,4,28,167
10146,kommo-o-totem,generation-vii,24,2075,270
10147,magearna-original,generation-vii,10,805,300
10148,pikachu-partner-cap,generation-i,4,60,112
10149,marowak-totem,generation-i,17,980,149
10150,ribombee-totem,generation-vii,4,20,162
10151,rockruff-own-tempo,generation-vii,5,92,56
10152,lycanroc-dusk,generation-vii,8,250,170
10153,araquanid-totem,generation-vii,31,2175,159
10154,togedemaru-totem,generation-vii,6,130,152
10155,necrozma-dusk,generation-vii,38,4600,340
10156,necrozma-dawn,generation-vii,42,3500,340
10157,necrozma-ultra,generation-vii,75,2300,339
10158,pikachu-starter,generation-i,4,60,86
10159,eevee-starter,generation-i,3,65,87
10160,pikachu-world-cap,generation-i,4,60,112
10161,meowth-galar,generation-i,4,75,58
10162,ponyta-galar,generation-i,8,240,82
10163,rapidash-galar,generation-i,17,800,175
10164,slowpoke-galar,generation-i,12,360,63
10165,slowbro-galar,generation-i,16,705,172
10166,farfetchd-galar,generation-i,8,420,132
10167,weezing-galar,generation-i,30,160,172
10168,mr-mime-galar,generation-i,14,568,161
10169,articuno-galar,generation-i,17,509,290
10170,zapdos-galar,generation-i,16,582,290
10171,moltres-galar,generation-i,20,660,290
10172,slowking-galar,generation-ii,18,795,172
10173,corsola-galar,generation-ii,6,5,144
10174,zigzagoon-galar,generation-iii,4,175,56
10175,linoone-galar,generation-iii,5,325,147
10176,darumaka-galar,generation-v,7,400,63
10177,darmanitan-galar-standard,generation-v,17,1200,168
10178,darmanitan-galar-zen,generation-v,17,1200,189
10179,yamask-galar,generation-v,5,15,61
10180,stunfisk-galar,generation-v,7,205,165
10181,zygarde-10,generation-vi,12,335,243
10182,cramorant-gulping,generation-viii,8,180,166
10183,cramorant-gorging,generation-viii,8,180,166
10184,toxtricity-low-key,generation-viii,16,400,176
10185,eiscue-noice,generation-viii,14,890,165
10186,indeedee-female,generation-viii,9,280,166
10187,morpeko-hangry,generation-viii,3,30,153
10188,zacian-crowned,generation-viii,28,3550,360
10189,zamazenta-crowned,generation-viii,29,7850,360
10190,eternatus-eternamax,generation-viii,1000,0,563
10191,urshifu-rapid-strike,generation-viii,19,1050,275
10192,zarude-dada,generation-viii,18,700,300
10193,calyrex-ice,generation-viii,24,8091,340
10194,calyrex-shadow,generation-viii,24,536,340
10195,venusaur-gmax,generation-i,240,10000,236
10196,charizard-gmax,generation-i,280,10000,240
10197,blastoise-gmax,generation-i,250,10000,239
10198,butterfree-gmax,generation-i,170,10000,178
10199,pikachu-gmax,generation-i,210,10000,112
10200,meowth-gmax,generation-i,330,10000,58
10201,machamp-gmax,generation-i,250,10000,227
10202,gengar-gmax,generation-i,200,10000,225
10203,kingler-gmax,generation-i,190,10000,166
10204,lapras-gmax,generation-i,240,10000,187
10205,eevee-gmax,generation-i,180,10000,65
10206,snorlax-gmax,generation-i,350,10000,189
10207,garbodor-gmax,generation-v,210,10000,166
10208,melmetal-gmax,generation-vii,250,10000,270
10209,rillaboom-gmax,generation-viii,280,10000,265
10210,cinderace-gmax,generation-viii,270,10000,265
10211,inteleon-gmax,generation-viii,400,10000,265
10212,corviknight-gmax,generation-viii,140,10000,248
10213,orbeetle-gmax,generation-viii,140,10000,253
10214,drednaw-gmax,generation-viii,240,10000,170
10215,coalossal-gmax,generation-viii,420,10000,255
10216,flapple-gmax,generation-viii,240,10000,170
10217,appletun-gmax,generation-viii,240,10000,170
10218,sandaconda-gmax,generation-viii,220,10000,179
10219,toxtricity-amped-gmax,generation-viii,240,10000,176
10220,centiskorch-gmax,generation-viii,750,10000,184
10221,hatterene-gmax,generation-viii,260,10000,255
10222,grimmsnarl-gmax,generation-viii,320,10000,255
10223,alcremie-gmax,generation-viii,300,10000,173
10224,copperajah-gmax,generation-viii,230,10000,175
10225,duraludon-gmax,generation-viii,430,10000,187
10226,urshifu-single-strike-gmax,generation-viii,290,10000,275
10227,urshifu-rapid-strike-gmax,generation-viii,260,10000,275
10228,toxtricity-low-key-gmax,generation-viii,240,10000,176
10229,growlithe-hisui,generation-i,8,227,70
10230,arcanine-hisui,generation-i,20,1680,194
10231,voltorb-hisui,generation-i,5,130,66
10232,electrode-hisui,generation-i,12,710,172
10233,typhlosion-hisui,generation-ii,16,698,240
10234,qwilfish-hisui,generation-ii,5,39,88
10235,sneasel-hisui,generation-ii,9,270,86
10236,samurott-hisui,generation-v,15,582,238
10237,lilligant-hisui,generation-v,12,192,168
10238,zorua-hisui,generation-v,7,125,66
10239,zoroark-hisui,generation-v,16,730,179
10240,braviary-hisui,generation-v,17,434,179
10241,sliggoo-hisui,generation-vi,7,685,158
10242,goodra-hisui,generation-vi,17,3341,270
10243,avalugg-hisui,generation-vi,14,2624,180
10244,decidueye-hisui,generation-vii,16,370,239
10245,dialga-origin,generation-iv,70,8487,306
10246,palkia-origin,generation-iv,63,6590,306
10247,basculin-white-striped,generation-v,10,180,161
10248,basculegion-female,generation-viii,30,1100,265
10249,enamorus-therian,generation-viii,16,480,116
10250,tauros-paldea-combat-breed,generation-i,14,1150,172
10251,tauros-paldea-blaze-breed,generation-i,14,850,172
10252,tauros-paldea-aqua-breed,generation-i,14,1100,172
10253,wooper-paldea,generation-ii,4,110,42
10254,oinkologne-female,generation-ix,10,1200,171
10255,dudunsparce-three-segment,generation-ix,45,474,182
10256,palafin-hero,generation-ix,18,974,160
10257,maushold-family-of-three,generation-ix,3,28,165
10258,tatsugiri-droopy,generation-ix,3,80,166
10259,tatsugiri-stretchy,generation-ix,3,80,166
10260,squawkabilly-blue-plumage,generation-ix,6,24,146
10261,squawkabilly-yellow-plumage,generation-ix,6,24,146
10262,squawkabilly-white-plumage,generation-ix,6,24,146
10263,gimmighoul-roaming,generation-ix,1,10,60
10264,koraidon-limited-build,generation-ix,35,3030,335
10265,koraidon-sprinting-build,generation-ix,35,3030,335
10266,koraidon-swimming-build,generation-ix,35,3030,335
10267,koraidon-gliding-build,generation-ix,35,3030,335
10268,miraidon-low-power-mode,generation-ix,28,2400,335
10269,miraidon-drive-mode,generation-ix,28,2400,335
10270,miraidon-aquatic-mode,generation-ix,28,2400,335
10271,miraidon-glide-mode,generation-ix,28,2400,335
10272,ursaluna-bloodmoon,generation-viii,24,2900,275
10273,ogerpon-wellspring-mask,generation-ix,12,398,275
10274,ogerpon-hearthflame-mask,generation-ix,12,398,275
10275,ogerpon-cornerstone-mask,generation-ix,12,398,275
10276,terapagos-terastal,generation-ix,3,160,90
10277,terapagos-stellar,generation-ix,17,770,90
10278,clefable-mega,generation-i,17,423,
10279,victreebel-mega,generation-i,45,1255,
10280,starmie-mega,generation-i,23,800,
10281,dragonite-mega,generation-i,22,2900,
10282,meganium-mega,generation-ii,24,2010,
10283,feraligatr-mega,generation-ii,23,1088,
10284,skarmory-mega,generation-ii,17,404,
10285,froslass-mega,generation-iv,26,296,
10286,emboar-mega,generation-v,18,1803,
10287,excadrill-mega,generation-v,9,600,
10288,scolipede-mega,generation-v,32,2305,
10289,scrafty-mega,generation-v,11,310,
10290,eelektross-mega,generation-v,30,1800,
10291,chandelure-mega,generation-v,25,696,
10292,chesnaught-mega,generation-vi,16,900,
10293,delphox-mega,generation-vi,15,390,
10294,greninja-mega,generation-vi,15,400,
10295,pyroar-mega,generation-vi,15,933,
10296,floette-mega,generation-vi,2,1008,
10297,malamar-mega,generation-vi,29,698,
10298,barbaracle-mega,generation-vi,22,1000,
10299,dragalge-mega,generation-vi,21,1003,
10300,hawlucha-mega,generation-vi,10,250,
10301,zygarde-mega,generation-vi,77,6100,
10302,drampa-mega,generation-vii,30,2405,
10303,falinks-mega,generation-viii,16,990,
10304,raichu-mega-x,generation-i,12,380,
10305,raichu-mega-y,generation-i,10,260,
10306,chimecho-mega,generation-iii,12,80,
10307,absol-mega-z,generation-iii,12,490,
10308,staraptor-mega,generation-iv,19,500,
10309,garchomp-mega-z,generation-iv,19,990,
10310,lucario-mega-z,generation-iv,13,494,
10311,heatran-mega,generation-iv,28,5700,
10312,darkrai-mega,generation-iv,30,2400,
10313,golurk-mega,generation-v,40,3300,
10314,meowstic-mega,generation-vi,8,101,
10315,crabominable-mega,generation-vii,26,2528,
10316,golisopod-mega,generation-vii,23,1480,
10317,magearna-mega,generation-vii,13,2481,
10318,magearna-original-mega,generation-vii,13,2481,
10319,zeraora-mega,generation-vii,15,445,
10320,scovillain-mega,generation-ix,12,220,
10321,glimmora-mega,generation-ix,28,770,
10322,tatsugiri-curly-mega,generation-ix,6,240,
10323,tatsugiri-droopy-mega,generation-ix,6,240,
10324,tatsugiri-stretchy-mega,generation-ix,6,240,
10325,baxcalibur-mega,generation-ix,21,3150,
