id,name,type_name,slot
1,bulbasaur,grass,1
1,bulbasaur,poison,2
2,ivysaur,grass,1
2,ivysaur,poison,2
3,venusaur,grass,1
3,venusaur,poison,2
4,charmander,fire,1
5,charmeleon,fire,1
6,charizard,fire,1
6,charizard,flying,2
7,squirtle,water,1
8,wartortle,water,1
9,blastoise,water,1
10,caterpie,bug,1
11,metapod,bug,1
12,butterfree,bug,1
12,butterfree,flying,2
13,weedle,bug,1
13,weedle,poison,2
14,kakuna,bug,1
14,kakuna,poison,2
15,beedrill,bug,1
15,beedrill,poison,2
16,pidgey,normal,1
16,pidgey,flying,2
17,pidgeotto,normal,1
17,pidgeotto,flying,2
18,pidgeot,normal,1
18,pidgeot,flying,2
19,rattata,normal,1
20,raticate,normal,1
21,spearow,normal,1
21,spearow,flying,2
22,fearow,normal,1
22,fearow,flying,2
23,ekans,poison,1
24,arbok,poison,1
25,pikachu,electric,1
26,raichu,electric,1
27,sandshrew,ground,1
28,sandslash,ground,1
29,nidoran-f,poison,1
30,nidorina,poison,1
31,nidoqueen,poison,1
31,nidoqueen,ground,2
32,nidoran-m,poison,1
33,nidorino,poison,1
34,nidoking,poison,1
34,nidoking,ground,2
35,clefairy,fairy,1
36,clefable,fairy,1
37,vulpix,fire,1
38,ninetales,fire,1
39,jigglypuff,normal,1
39,jigglypuff,fairy,2
40,wigglytuff,normal,1
40,wigglytuff,fairy,2
41,zubat,poison,1
41,zubat,flying,2
42,golbat,poison,1
42,golbat,flying,2
43,oddish,grass,1
43,oddish,poison,2
44,gloom,grass,1
44,gloom,poison,2
45,vileplume,grass,1
45,vileplume,poison,2
46,paras,bug,1
46,paras,grass,2
47,parasect,bug,1
47,parasect,grass,2
48,venonat,bug,1
48,venonat,poison,2
49,venomoth,bug,1
49,venomoth,poison,2
50,diglett,ground,1
51,dugtrio,ground,1
52,meowth,normal,1
53,persian,normal,1
54,psyduck,water,1
55,golduck,water,1
56,mankey,fighting,1
57,primeape,fighting,1
58,growlithe,fire,1
59,arcanine,fire,1
60,poliwag,water,1
61,poliwhirl,water,1
62,poliwrath,water,1
62,poliwrath,fighting,2
63,abra,psychic,1
64,kadabra,psychic,1
65,alakazam,psychic,1
66,machop,fighting,1
67,machoke,fighting,1
68,machamp,fighting,1
69,bellsprout,grass,1
69,bellsprout,poison,2
70,weepinbell,grass,1
70,weepinbell,poison,2
71,victreebel,grass,1
71,victreebel,poison,2
72,tentacool,water,1
72,tentacool,poison,2
73,tentacruel,water,1
73,tentacruel,poison,2
74,geodude,rock,1
74,geodude,ground,2
75,graveler,rock,1
75,graveler,ground,2
76,golem,rock,1
76,golem,ground,2
77,ponyta,fire,1
78,rapidash,fire,1
79,slowpoke,water,1
79,slowpoke,psychic,2
80,slowbro,water,1
80,slowbro,psychic,2
81,magnemite,electric,1
81,magnemite,steel,2
82,magneton,electric,1
82,magneton,steel,2
83,farfetchd,normal,1
83,farfetchd,flying,2
84,doduo,normal,1
84,doduo,flying,2
85,dodrio,normal,1
85,dodrio,flying,2
86,seel,water,1
87,dewgong,water,1
87,dewgong,ice,2
88,grimer,poison,1
89,muk,poison,1
90,shellder,water,1
91,cloyster,water,1
91,cloyster,ice,2
92,gastly,ghost,1
92,gastly,poison,2
93,haunter,ghost,1
93,haunter,poison,2
94,gengar,ghost,1
94,gengar,poison,2
95,onix,rock,1
95,onix,ground,2
96,drowzee,psychic,1
97,hypno,psychic,1
98,krabby,water,1
99,kingler,water,1
100,voltorb,electric,1
101,electrode,electric,1
102,exeggcute,grass,1
102,exeggcute,psychic,2
103,exeggutor,grass,1
103,exeggutor,psychic,2
104,cubone,ground,1
105,marowak,ground,1
106,hitmonlee,fighting,1
107,hitmonchan,fighting,1
108,lickitung,normal,1
109,koffing,poison,1
110,weezing,poison,1
111,rhyhorn,ground,1
111,rhyhorn,rock,2
112,rhydon,ground,1
112,rhydon,rock,2
113,chansey,normal,1
114,tangela,grass,1
115,kangaskhan,normal,1
116,horsea,water,1
117,seadra,water,1
118,goldeen,water,1
119,seaking,water,1
120,staryu,water,1
121,starmie,water,1
121,starmie,psychic,2
122,mr-mime,psychic,1
122,mr-mime,fairy,2
123,scyther,bug,1
123,scyther,flying,2
124,jynx,ice,1
124,jynx,psychic,2
125,electabuzz,electric,1
126,magmar,fire,1
127,pinsir,bug,1
128,tauros,normal,1
129,magikarp,water,1
130,gyarados,water,1
130,gyarados,flying,2
131,lapras,water,1
131,lapras,ice,2
132,ditto,normal,1
133,eevee,normal,1
134,vaporeon,water,1
135,jolteon,electric,1
136,flareon,fire,1
137,porygon,normal,1
138,omanyte,rock,1
138,omanyte,water,2
139,omastar,rock,1
139,omastar,water,2
140,kabuto,rock,1
140,kabuto,water,2
141,kabutops,rock,1
141,kabutops,water,2
142,aerodactyl,rock,1
142,aerodactyl,flying,2
143,snorlax,normal,1
144,articuno,ice,1
144,articuno,flying,2
145,zapdos,electric,1
145,zapdos,flying,2
146,moltres,fire,1
146,moltres,flying,2
147,dratini,dragon,1
148,dragonair,dragon,1
149,dragonite,dragon,1
149,dragonite,flying,2
150,mewtwo,psychic,1
151,mew,psychic,1
152,chikorita,grass,1
153,bayleef,grass,1
154,meganium,grass,1
155,cyndaquil,fire,1
156,quilava,fire,1
157,typhlosion,fire,1
158,totodile,water,1
159,croconaw,water,1
160,feraligatr,water,1
161,sentret,normal,1
162,furret,normal,1
163,hoothoot,normal,1
163,hoothoot,flying,2
164,noctowl,normal,1
164,noctowl,flying,2
165,ledyba,bug,1
165,ledyba,flying,2
166,ledian,bug,1
166,ledian,flying,2
167,spinarak,bug,1
167,spinarak,poison,2
168,ariados,bug,1
168,ariados,poison,2
169,crobat,poison,1
169,crobat,flying,2
170,chinchou,water,1
170,chinchou,electric,2
171,lanturn,water,1
171,lanturn,electric,2
172,pichu,electric,1
173,cleffa,fairy,1
174,igglybuff,normal,1
174,igglybuff,fairy,2
175,togepi,fairy,1
176,togetic,fairy,1
176,togetic,flying,2
177,natu,psychic,1
177,natu,flying,2
178,xatu,psychic,1
178,xatu,flying,2
179,mareep,electric,1
180,flaaffy,electric,1
181,ampharos,electric,1
182,bellossom,grass,1
183,marill,water,1
183,marill,fairy,2
184,azumarill,water,1
184,azumarill,fairy,2
185,sudowoodo,rock,1
186,politoed,water,1
187,hoppip,grass,1
187,hoppip,flying,2
188,skiploom,grass,1
188,skiploom,flying,2
189,jumpluff,grass,1
189,jumpluff,flying,2
190,aipom,normal,1
191,sunkern,grass,1
192,sunflora,grass,1
193,yanma,bug,1
193,yanma,flying,2
194,wooper,water,1
194,wooper,ground,2
195,quagsire,water,1
195,quagsire,ground,2
196,espeon,psychic,1
197,umbreon,dark,1
198,murkrow,dark,1
198,murkrow,flying,2
199,slowking,water,1
199,slowking,psychic,2
200,misdreavus,ghost,1
201,unown,psychic,1
202,wobbuffet,psychic,1
203,girafarig,normal,1
203,girafarig,psychic,2
204,pineco,bug,1
205,forretress,bug,1
205,forretress,steel,2
206,dunsparce,normal,1
207,gligar,ground,1
207,gligar,flying,2
208,steelix,steel,1
208,steelix,ground,2
209,snubbull,fairy,1
210,granbull,fairy,1
211,qwilfish,water,1
211,qwilfish,poison,2
212,scizor,bug,1
212,scizor,steel,2
213,shuckle,bug,1
213,shuckle,rock,2
214,heracross,bug,1
214,heracross,fighting,2
215,sneasel,dark,1
215,sneasel,ice,2
216,teddiursa,normal,1
217,ursaring,normal,1
218,slugma,fire,1
219,magcargo,fire,1
219,magcargo,rock,2
220,swinub,ice,1
220,swinub,ground,2
221,piloswine,ice,1
221,piloswine,ground,2
222,corsola,water,1
222,corsola,rock,2
223,remoraid,water,1
224,octillery,water,1
225,delibird,ice,1
225,delibird,flying,2
226,mantine,water,1
226,mantine,flying,2
227,skarmory,steel,1
227,skarmory,flying,2
228,houndour,dark,1
228,houndour,fire,2
229,houndoom,dark,1
229,houndoom,fire,2
230,kingdra,water,1
230,kingdra,dragon,2
231,phanpy,ground,1
232,donphan,ground,1
233,porygon2,normal,1
234,stantler,normal,1
235,smeargle,normal,1
236,tyrogue,fighting,1
237,hitmontop,fighting,1
238,smoochum,ice,1
238,smoochum,psychic,2
239,elekid,electric,1
240,magby,fire,1
241,miltank,normal,1
242,blissey,normal,1
243,raikou,electric,1
244,entei,fire,1
245,suicune,water,1
246,larvitar,rock,1
246,larvitar,ground,2
247,pupitar,rock,1
247,pupitar,ground,2
248,tyranitar,rock,1
248,tyranitar,dark,2
249,lugia,psychic,1
249,lugia,flying,2
250,ho-oh,fire,1
250,ho-oh,flying,2
251,celebi,psychic,1
251,celebi,grass,2
252,treecko,grass,1
253,grovyle,grass,1
254,sceptile,grass,1
255,torchic,fire,1
256,combusken,fire,1
256,combusken,fighting,2
257,blaziken,fire,1
257,blaziken,fighting,2
258,mudkip,water,1
259,marshtomp,water,1
259,marshtomp,ground,2
260,swampert,water,1
260,swampert,ground,2
261,poochyena,dark,1
262,mightyena,dark,1
263,zigzagoon,normal,1
264,linoone,normal,1
265,wurmple,bug,1
266,silcoon,bug,1
267,beautifly,bug,1
267,beautifly,flying,2
268,cascoon,bug,1
269,dustox,bug,1
269,dustox,poison,2
270,lotad,water,1
270,lotad,grass,2
271,lombre,water,1
271,lombre,grass,2
272,ludicolo,water,1
272,ludicolo,grass,2
273,seedot,grass,1
274,nuzleaf,grass,1
274,nuzleaf,dark,2
275,shiftry,grass,1
275,shiftry,dark,2
276,taillow,normal,1
276,taillow,flying,2
277,swellow,normal,1
277,swellow,flying,2
278,wingull,water,1
278,wingull,flying,2
279,pelipper,water,1
279,pelipper,flying,2
280,ralts,psychic,1
280,ralts,fairy,2
281,kirlia,psychic,1
281,kirlia,fairy,2
282,gardevoir,psychic,1
282,gardevoir,fairy,2
283,surskit,bug,1
283,surskit,water,2
284,masquerain,bug,1
284,masquerain,flying,2
285,shroomish,grass,1
286,breloom,grass,1
286,breloom,fighting,2
287,slakoth,normal,1
288,vigoroth,normal,1
289,slaking,normal,1
290,nincada,bug,1
290,nincada,ground,2
291,ninjask,bug,1
291,ninjask,flying,2
292,shedinja,bug,1
292,shedinja,ghost,2
293,whismur,normal,1
294,loudred,normal,1
295,exploud,normal,1
296,makuhita,fighting,1
297,hariyama,fighting,1
298,azurill,normal,1
298,azurill,fairy,2
299,nosepass,rock,1
300,skitty,normal,1
301,delcatty,normal,1
302,sableye,dark,1
302,sableye,ghost,2
303,mawile,steel,1
303,mawile,fairy,2
304,aron,steel,1
304,aron,rock,2
305,lairon,steel,1
305,lairon,rock,2
306,aggron,steel,1
306,aggron,rock,2
307,meditite,fighting,1
307,meditite,psychic,2
308,medicham,fighting,1
308,medicham,psychic,2
309,electrike,electric,1
310,manectric,electric,1
311,plusle,electric,1
312,minun,electric,1
313,volbeat,bug,1
314,illumise,bug,1
315,roselia,grass,1
315,roselia,poison,2
316,gulpin,poison,1
317,swalot,poison,1
318,carvanha,water,1
318,carvanha,dark,2
319,sharpedo,water,1
319,sharpedo,dark,2
320,wailmer,water,1
321,wailord,water,1
322,numel,fire,1
322,numel,ground,2
323,camerupt,fire,1
323,camerupt,ground,2
324,torkoal,fire,1
325,spoink,psychic,1
326,grumpig,psychic,1
327,spinda,normal,1
328,trapinch,ground,1
329,vibrava,ground,1
329,vibrava,dragon,2
330,flygon,ground,1
330,flygon,dragon,2
331,cacnea,grass,1
332,cacturne,grass,1
332,cacturne,dark,2
333,swablu,normal,1
333,swablu,flying,2
334,altaria,dragon,1
334,altaria,flying,2
335,zangoose,normal,1
336,seviper,poison,1
337,lunatone,rock,1
337,lunatone,psychic,2
338,solrock,rock,1
338,solrock,psychic,2
339,barboach,water,1
339,barboach,ground,2
340,whiscash,water,1
340,whiscash,ground,2
341,corphish,water,1
342,crawdaunt,water,1
342,crawdaunt,dark,2
343,baltoy,ground,1
343,baltoy,psychic,2
344,claydol,ground,1
344,claydol,psychic,2
345,lileep,rock,1
345,lileep,grass,2
346,cradily,rock,1
346,cradily,grass,2
347,anorith,rock,1
347,anorith,bug,2
348,armaldo,rock,1
348,armaldo,bug,2
349,feebas,water,1
350,milotic,water,1
351,castform,normal,1
352,kecleon,normal,1
353,shuppet,ghost,1
354,banette,ghost,1
355,duskull,ghost,1
356,dusclops,ghost,1
357,tropius,grass,1
357,tropius,flying,2
358,chimecho,psychic,1
359,absol,dark,1
360,wynaut,psychic,1
361,snorunt,ice,1
362,glalie,ice,1
363,spheal,ice,1
363,spheal,water,2
364,sealeo,ice,1
364,sealeo,water,2
365,walrein,ice,1
365,walrein,water,2
366,clamperl,water,1
367,huntail,water,1
368,gorebyss,water,1
369,relicanth,water,1
369,relicanth,rock,2
370,luvdisc,water,1
371,bagon,dragon,1
372,shelgon,dragon,1
373,salamence,dragon,1
373,salamence,flying,2
374,beldum,steel,1
374,beldum,psychic,2
375,metang,steel,1
375,metang,psychic,2
376,metagross,steel,1
376,metagross,psychic,2
377,regirock,rock,1
378,regice,ice,1
379,registeel,steel,1
380,latias,dragon,1
380,latias,psychic,2
381,latios,dragon,1
381,latios,psychic,2
382,kyogre,water,1
383,groudon,ground,1
384,rayquaza,dragon,1
384,rayquaza,flying,2
385,jirachi,steel,1
385,jirachi,psychic,2
386,deoxys-normal,psychic,1
387,turtwig,grass,1
388,grotle,grass,1
389,torterra,grass,1
389,torterra,ground,2
390,chimchar,fire,1
391,monferno,fire,1
391,monferno,fighting,2
392,infernape,fire,1
392,infernape,fighting,2
393,piplup,water,1
394,prinplup,water,1
395,empoleon,water,1
395,empoleon,steel,2
396,starly,normal,1
396,starly,flying,2
397,staravia,normal,1
397,staravia,flying,2
398,staraptor,normal,1
398,staraptor,flying,2
399,bidoof,normal,1
400,bibarel,normal,1
400,bibarel,water,2
401,kricketot,bug,1
402,kricketune,bug,1
403,shinx,electric,1
404,luxio,electric,1
405,luxray,electric,1
406,budew,grass,1
406,budew,poison,2
407,roserade,grass,1
407,roserade,poison,2
408,cranidos,rock,1
409,rampardos,rock,1
410,shieldon,rock,1
410,shieldon,steel,2
411,bastiodon,rock,1
411,bastiodon,steel,2
412,burmy,bug,1
413,wormadam-plant,bug,1
413,wormadam-plant,grass,2
414,mothim,bug,1
414,mothim,flying,2
415,combee,bug,1
415,combee,flying,2
416,vespiquen,bug,1
416,vespiquen,flying,2
417,pachirisu,electric,1
418,buizel,water,1
419,floatzel,water,1
420,cherubi,grass,1
421,cherrim,grass,1
422,shellos,water,1
423,gastrodon,water,1
423,gastrodon,ground,2
424,ambipom,normal,1
425,drifloon,ghost,1
425,drifloon,flying,2
426,drifblim,ghost,1
426,drifblim,flying,2
427,buneary,normal,1
428,lopunny,normal,1
429,mismagius,ghost,1
430,honchkrow,dark,1
430,honchkrow,flying,2
431,glameow,normal,1
432,purugly,normal,1
433,chingling,psychic,1
434,stunky,poison,1
434,stunky,dark,2
435,skuntank,poison,1
435,skuntank,dark,2
436,bronzor,steel,1
436,bronzor,psychic,2
437,bronzong,steel,1
437,bronzong,psychic,2
438,bonsly,rock,1
439,mime-jr,psychic,1
439,mime-jr,fairy,2
440,happiny,normal,1
441,chatot,normal,1
441,chatot,flying,2
442,spiritomb,ghost,1
442,spiritomb,dark,2
443,gible,dragon,1
443,gible,ground,2
444,gabite,dragon,1
444,gabite,ground,2
445,garchomp,dragon,1
445,garchomp,ground,2
446,munchlax,normal,1
447,riolu,fighting,1
448,lucario,fighting,1
448,lucario,steel,2
449,hippopotas,ground,1
450,hippowdon,ground,1
451,skorupi,poison,1
451,skorupi,bug,2
452,drapion,poison,1
452,drapion,dark,2
453,croagunk,poison,1
453,croagunk,fighting,2
454,toxicroak,poison,1
454,toxicroak,fighting,2
455,carnivine,grass,1
456,finneon,water,1
457,lumineon,water,1
458,mantyke,water,1
458,mantyke,flying,2
459,snover,grass,1
459,snover,ice,2
460,abomasnow,grass,1
460,abomasnow,ice,2
461,weavile,dark,1
461,weavile,ice,2
462,magnezone,electric,1
462,magnezone,steel,2
463,lickilicky,normal,1
464,rhyperior,ground,1
464,rhyperior,rock,2
465,tangrowth,grass,1
466,electivire,electric,1
467,magmortar,fire,1
468,togekiss,fairy,1
468,togekiss,flying,2
469,yanmega,bug,1
469,yanmega,flying,2
470,leafeon,grass,1
471,glaceon,ice,1
472,gliscor,ground,1
472,gliscor,flying,2
473,mamoswine,ice,1
473,mamoswine,ground,2
474,porygon-z,normal,1
475,gallade,psychic,1
475,gallade,fighting,2
476,probopass,rock,1
476,probopass,steel,2
477,dusknoir,ghost,1
478,froslass,ice,1
478,froslass,ghost,2
479,rotom,electric,1
479,rotom,ghost,2
480,uxie,psychic,1
481,mesprit,psychic,1
482,azelf,psychic,1
483,dialga,steel,1
483,dialga,dragon,2
484,palkia,water,1
484,palkia,dragon,2
485,heatran,fire,1
485,heatran,steel,2
486,regigigas,normal,1
487,giratina-altered,ghost,1
487,giratina-altered,dragon,2
488,cresselia,psychic,1
489,phione,water,1
490,manaphy,water,1
491,darkrai,dark,1
492,shaymin-land,grass,1
493,arceus,normal,1
494,victini,psychic,1
494,victini,fire,2
495,snivy,grass,1
496,servine,grass,1
497,serperior,grass,1
498,tepig,fire,1
499,pignite,fire,1
499,pignite,fighting,2
500,emboar,fire,1
500,emboar,fighting,2
501,oshawott,water,1
502,dewott,water,1
503,samurott,water,1
504,patrat,normal,1
505,watchog,normal,1
506,lillipup,normal,1
507,herdier,normal,1
508,stoutland,normal,1
509,purrloin,dark,1
510,liepard,dark,1
511,pansage,grass,1
512,simisage,grass,1
513,pansear,fire,1
514,simisear,fire,1
515,panpour,water,1
516,simipour,water,1
517,munna,psychic,1
518,musharna,psychic,1
519,pidove,normal,1
519,pidove,flying,2
520,tranquill,normal,1
520,tranquill,flying,2
521,unfezant,normal,1
521,unfezant,flying,2
522,blitzle,electric,1
523,zebstrika,electric,1
524,roggenrola,rock,1
525,boldore,rock,1
526,gigalith,rock,1
527,woobat,psychic,1
527,woobat,flying,2
528,swoobat,psychic,1
528,swoobat,flying,2
529,drilbur,ground,1
530,excadrill,ground,1
530,excadrill,steel,2
531,audino,normal,1
532,timburr,fighting,1
533,gurdurr,fighting,1
534,conkeldurr,fighting,1
535,tympole,water,1
536,palpitoad,water,1
536,palpitoad,ground,2
537,seismitoad,water,1
537,seismitoad,ground,2
538,throh,fighting,1
539,sawk,fighting,1
540,sewaddle,bug,1
540,sewaddle,grass,2
541,swadloon,bug,1
541,swadloon,grass,2
542,leavanny,bug,1
542,leavanny,grass,2
543,venipede,bug,1
543,venipede,poison,2
544,whirlipede,bug,1
544,whirlipede,poison,2
545,scolipede,bug,1
545,scolipede,poison,2
546,cottonee,grass,1
546,cottonee,fairy,2
547,whimsicott,grass,1
547,whimsicott,fairy,2
548,petilil,grass,1
549,lilligant,grass,1
550,basculin-red-striped,water,1
551,sandile,ground,1
551,sandile,dark,2
552,krokorok,ground,1
552,krokorok,dark,2
553,krookodile,ground,1
553,krookodile,dark,2
554,darumaka,fire,1
555,darmanitan-standard,fire,1
556,maractus,grass,1
557,dwebble,bug,1
557,dwebble,rock,2
558,crustle,bug,1
558,crustle,rock,2
559,scraggy,dark,1
559,scraggy,fighting,2
560,scrafty,dark,1
560,scrafty,fighting,2
561,sigilyph,psychic,1
561,sigilyph,flying,2
562,yamask,ghost,1
563,cofagrigus,ghost,1
564,tirtouga,water,1
564,tirtouga,rock,2
565,carracosta,water,1
565,carracosta,rock,2
566,archen,rock,1
566,archen,flying,2
567,archeops,rock,1
567,archeops,flying,2
568,trubbish,poison,1
569,garbodor,poison,1
570,zorua,dark,1
571,zoroark,dark,1
572,minccino,normal,1
573,cinccino,normal,1
574,gothita,psychic,1
575,gothorita,psychic,1
576,gothitelle,psychic,1
577,solosis,psychic,1
578,duosion,psychic,1
579,reuniclus,psychic,1
580,ducklett,water,1
580,ducklett,flying,2
581,swanna,water,1
581,swanna,flying,2
582,vanillite,ice,1
583,vanillish,ice,1
584,vanilluxe,ice,1
585,deerling,normal,1
585,deerling,grass,2
586,sawsbuck,normal,1
586,sawsbuck,grass,2
587,emolga,electric,1
587,emolga,flying,2
588,karrablast,bug,1
589,escavalier,bug,1
589,escavalier,steel,2
590,foongus,grass,1
590,foongus,poison,2
591,amoonguss,grass,1
591,amoonguss,poison,2
592,frillish-male,water,1
592,frillish-male,ghost,2
593,jellicent-male,water,1
593,jellicent-male,ghost,2
594,alomomola,water,1
595,joltik,bug,1
595,joltik,electric,2
596,galvantula,bug,1
596,galvantula,electric,2
597,ferroseed,grass,1
597,ferroseed,steel,2
598,ferrothorn,grass,1
598,ferrothorn,steel,2
599,klink,steel,1
600,klang,steel,1
601,klinklang,steel,1
602,tynamo,electric,1
603,eelektrik,electric,1
604,eelektross,electric,1
605,elgyem,psychic,1
606,beheeyem,psychic,1
607,litwick,ghost,1
607,litwick,fire,2
608,lampent,ghost,1
608,lampent,fire,2
609,chandelure,ghost,1
609,chandelure,fire,2
610,axew,dragon,1
611,fraxure,dragon,1
612,haxorus,dragon,1
613,cubchoo,ice,1
614,beartic,ice,1
615,cryogonal,ice,1
616,shelmet,bug,1
617,accelgor,bug,1
618,stunfisk,ground,1
618,stunfisk,electric,2
619,mienfoo,fighting,1
620,mienshao,fighting,1
621,druddigon,dragon,1
622,golett,ground,1
622,golett,ghost,2
623,golurk,ground,1
623,golurk,ghost,2
624,pawniard,dark,1
624,pawniard,steel,2
625,bisharp,dark,1
625,bisharp,steel,2
626,bouffalant,normal,1
627,rufflet,normal,1
627,rufflet,flying,2
628,braviary,normal,1
628,braviary,flying,2
629,vullaby,dark,1
629,vullaby,flying,2
630,mandibuzz,dark,1
630,mandibuzz,flying,2
631,heatmor,fire,1
632,durant,bug,1
632,durant,steel,2
633,deino,dark,1
633,deino,dragon,2
634,zweilous,dark,1
634,zweilous,dragon,2
635,hydreigon,dark,1
635,hydreigon,dragon,2
636,larvesta,bug,1
636,larvesta,fire,2
637,volcarona,bug,1
637,volcarona,fire,2
638,cobalion,steel,1
638,cobalion,fighting,2
639,terrakion,rock,1
639,terrakion,fighting,2
640,virizion,grass,1
640,virizion,fighting,2
641,tornadus-incarnate,flying,1
642,thundurus-incarnate,electric,1
642,thundurus-incarnate,flying,2
643,reshiram,dragon,1
643,reshiram,fire,2
644,zekrom,dragon,1
644,zekrom,electric,2
645,landorus-incarnate,ground,1
645,landorus-incarnate,flying,2
646,kyurem,dragon,1
646,kyurem,ice,2
647,keldeo-ordinary,water,1
647,keldeo-ordinary,fighting,2
648,meloetta-aria,normal,1
648,meloetta-aria,psychic,2
649,genesect,bug,1
649,genesect,steel,2
650,chespin,grass,1
651,quilladin,grass,1
652,chesnaught,grass,1
652,chesnaught,fighting,2
653,fennekin,fire,1
654,braixen,fire,1
655,delphox,fire,1
655,delphox,psychic,2
656,froakie,water,1
657,frogadier,water,1
658,greninja,water,1
658,greninja,dark,2
659,bunnelby,normal,1
660,diggersby,normal,1
660,diggersby,ground,2
661,fletchling,normal,1
661,fletchling,flying,2
662,fletchinder,fire,1
662,fletchinder,flying,2
663,talonflame,fire,1
663,talonflame,flying,2
664,scatterbug,bug,1
665,spewpa,bug,1
666,vivillon,bug,1
666,vivillon,flying,2
667,litleo,fire,1
667,litleo,normal,2
668,pyroar-male,fire,1
668,pyroar-male,normal,2
669,flabebe,fairy,1
670,floette,fairy,1
671,florges,fairy,1
672,skiddo,grass,1
673,gogoat,grass,1
674,pancham,fighting,1
675,pangoro,fighting,1
675,pangoro,dark,2
676,furfrou,normal,1
677,espurr,psychic,1
678,meowstic-male,psychic,1
679,honedge,steel,1
679,honedge,ghost,2
680,doublade,steel,1
680,doublade,ghost,2
681,aegislash-shield,steel,1
681,aegislash-shield,ghost,2
682,spritzee,fairy,1
683,aromatisse,fairy,1
684,swirlix,fairy,1
685,slurpuff,fairy,1
686,inkay,dark,1
686,inkay,psychic,2
687,malamar,dark,1
687,malamar,psychic,2
688,binacle,rock,1
688,binacle,water,2
689,barbaracle,rock,1
689,barbaracle,water,2
690,skrelp,poison,1
690,skrelp,water,2
691,dragalge,poison,1
691,dragalge,dragon,2
692,clauncher,water,1
693,clawitzer,water,1
694,helioptile,electric,1
694,helioptile,normal,2
695,heliolisk,electric,1
695,heliolisk,normal,2
696,tyrunt,rock,1
696,tyrunt,dragon,2
697,tyrantrum,rock,1
697,tyrantrum,dragon,2
698,amaura,rock,1
698,amaura,ice,2
699,aurorus,rock,1
699,aurorus,ice,2
700,sylveon,fairy,1
701,hawlucha,fighting,1
701,hawlucha,flying,2
702,dedenne,electric,1
702,dedenne,fairy,2
703,carbink,rock,1
703,carbink,fairy,2
704,goomy,dragon,1
705,sliggoo,dragon,1
706,goodra,dragon,1
707,klefki,steel,1
707,klefki,fairy,2
708,phantump,ghost,1
708,phantump,grass,2
709,trevenant,ghost,1
709,trevenant,grass,2
710,pumpkaboo-average,ghost,1
710,pumpkaboo-average,grass,2
711,gourgeist-average,ghost,1
711,gourgeist-average,grass,2
712,bergmite,ice,1
713,avalugg,ice,1
714,noibat,flying,1
714,noibat,dragon,2
715,noivern,flying,1
715,noivern,dragon,2
716,xerneas,fairy,1
717,yveltal,dark,1
717,yveltal,flying,2
718,zygarde-50,dragon,1
718,zygarde-50,ground,2
719,diancie,rock,1
719,diancie,fairy,2
720,hoopa,psychic,1
720,hoopa,ghost,2
721,volcanion,fire,1
721,volcanion,water,2
722,rowlet,grass,1
722,rowlet,flying,2
723,dartrix,grass,1
723,dartrix,flying,2
724,decidueye,grass,1
724,decidueye,ghost,2
725,litten,fire,1
726,torracat,fire,1
727,incineroar,fire,1
727,incineroar,dark,2
728,popplio,water,1
729,brionne,water,1
730,primarina,water,1
730,primarina,fairy,2
731,pikipek,normal,1
731,pikipek,flying,2
732,trumbeak,normal,1
732,trumbeak,flying,2
733,toucannon,normal,1
733,toucannon,flying,2
734,yungoos,normal,1
735,gumshoos,normal,1
736,grubbin,bug,1
737,charjabug,bug,1
737,charjabug,electric,2
738,vikavolt,bug,1
738,vikavolt,electric,2
739,crabrawler,fighting,1
740,crabominable,fighting,1
740,crabominable,ice,2
741,oricorio-baile,fire,1
741,oricorio-baile,flying,2
742,cutiefly,bug,1
742,cutiefly,fairy,2
743,ribombee,bug,1
743,ribombee,fairy,2
744,rockruff,rock,1
745,lycanroc-midday,rock,1
746,wishiwashi-solo,water,1
747,mareanie,poison,1
747,mareanie,water,2
748,toxapex,poison,1
748,toxapex,water,2
749,mudbray,ground,1
750,mudsdale,ground,1
751,dewpider,water,1
751,dewpider,bug,2
752,araquanid,water,1
752,araquanid,bug,2
753,fomantis,grass,1
754,lurantis,grass,1
755,morelull,grass,1
755,morelull,fairy,2
756,shiinotic,grass,1
756,shiinotic,fairy,2
757,salandit,poison,1
757,salandit,fire,2
758,salazzle,poison,1
758,salazzle,fire,2
759,stufful,normal,1
759,stufful,fighting,2
760,bewear,normal,1
760,bewear,fighting,2
761,bounsweet,grass,1
762,steenee,grass,1
763,tsareena,grass,1
764,comfey,fairy,1
765,oranguru,normal,1
765,oranguru,psychic,2
766,passimian,fighting,1
767,wimpod,bug,1
767,wimpod,water,2
768,golisopod,bug,1
768,golisopod,water,2
769,sandygast,ghost,1
769,sandygast,ground,2
770,palossand,ghost,1
770,palossand,ground,2
771,pyukumuku,water,1
772,type-null,normal,1
773,silvally,normal,1
774,minior-red-meteor,rock,1
774,minior-red-meteor,flying,2
775,komala,normal,1
776,turtonator,fire,1
776,turtonator,dragon,2
777,togedemaru,electric,1
777,togedemaru,steel,2
778,mimikyu-disguised,ghost,1
778,mimikyu-disguised,fairy,2
779,bruxish,water,1
779,bruxish,psychic,2
780,drampa,normal,1
780,drampa,dragon,2
781,dhelmise,ghost,1
781,dhelmise,grass,2
782,jangmo-o,dragon,1
783,hakamo-o,dragon,1
783,hakamo-o,fighting,2
784,kommo-o,dragon,1
784,kommo-o,fighting,2
785,tapu-koko,electric,1
785,tapu-koko,fairy,2
786,tapu-lele,psychic,1
786,tapu-lele,fairy,2
787,tapu-bulu,grass,1
787,tapu-bulu,fairy,2
788,tapu-fini,water,1
788,tapu-fini,fairy,2
789,cosmog,psychic,1
790,cosmoem,psychic,1
791,solgaleo,psychic,1
791,solgaleo,steel,2
792,lunala,psychic,1
792,lunala,ghost,2
793,nihilego,rock,1
793,nihilego,poison,2
794,buzzwole,bug,1
794,buzzwole,fighting,2
795,pheromosa,bug,1
795,pheromosa,fighting,2
796,xurkitree,electric,1
797,celesteela,steel,1
797,celesteela,flying,2
798,kartana,grass,1
798,kartana,steel,2
799,guzzlord,dark,1
799,guzzlord,dragon,2
800,necrozma,psychic,1
801,magearna,steel,1
801,magearna,fairy,2
802,marshadow,fighting,1
802,marshadow,ghost,2
803,poipole,poison,1
804,naganadel,poison,1
804,naganadel,dragon,2
805,stakataka,rock,1
805,stakataka,steel,2
806,blacephalon,fire,1
806,blacephalon,ghost,2
807,zeraora,electric,1
808,meltan,steel,1
809,melmetal,steel,1
810,grookey,grass,1
811,thwackey,grass,1
812,rillaboom,grass,1
813,scorbunny,fire,1
814,raboot,fire,1
815,cinderace,fire,1
816,sobble,water,1
817,drizzile,water,1
818,inteleon,water,1
819,skwovet,normal,1
820,greedent,normal,1
821,rookidee,flying,1
822,corvisquire,flying,1
823,corviknight,flying,1
823,corviknight,steel,2
824,blipbug,bug,1
825,dottler,bug,1
825,dottler,psychic,2
826,orbeetle,bug,1
826,orbeetle,psychic,2
827,nickit,dark,1
828,thievul,dark,1
829,gossifleur,grass,1
830,eldegoss,grass,1
831,wooloo,normal,1
832,dubwool,normal,1
833,chewtle,water,1
834,drednaw,water,1
834,drednaw,rock,2
835,yamper,electric,1
836,boltund,electric,1
837,rolycoly,rock,1
838,carkol,rock,1
838,carkol,fire,2
839,coalossal,rock,1
839,coalossal,fire,2
840,applin,grass,1
840,applin,dragon,2
841,flapple,grass,1
841,flapple,dragon,2
842,appletun,grass,1
842,appletun,dragon,2
843,silicobra,ground,1
844,sandaconda,ground,1
845,cramorant,flying,1
845,cramorant,water,2
846,arrokuda,water,1
847,barraskewda,water,1
848,toxel,electric,1
848,toxel,poison,2
849,toxtricity-amped,electric,1
849,toxtricity-amped,poison,2
850,sizzlipede,fire,1
850,sizzlipede,bug,2
851,centiskorch,fire,1
851,centiskorch,bug,2
852,clobbopus,fighting,1
853,grapploct,fighting,1
854,sinistea,ghost,1
855,polteageist,ghost,1
856,hatenna,psychic,1
857,hattrem,psychic,1
858,hatterene,psychic,1
858,hatterene,fairy,2
859,impidimp,dark,1
859,impidimp,fairy,2
860,morgrem,dark,1
860,morgrem,fairy,2
861,grimmsnarl,dark,1
861,grimmsnarl,fairy,2
862,obstagoon,dark,1
862,obstagoon,normal,2
863,perrserker,steel,1
864,cursola,ghost,1
865,sirfetchd,fighting,1
866,mr-rime,ice,1
866,mr-rime,psychic,2
867,runerigus,ground,1
867,runerigus,ghost,2
868,milcery,fairy,1
869,alcremie,fairy,1
870,falinks,fighting,1
871,pincurchin,electric,1
872,snom,ice,1
872,snom,bug,2
873,frosmoth,ice,1
873,frosmoth,bug,2
874,stonjourner,rock,1
875,eiscue-ice,ice,1
876,indeedee-male,psychic,1
876,indeedee-male,normal,2
877,morpeko-full-belly,electric,1
877,morpeko-full-belly,dark,2
878,cufant,steel,1
879,copperajah,steel,1
880,dracozolt,electric,1
880,dracozolt,dragon,2
881,arctozolt,electric,1
881,arctozolt,ice,2
882,dracovish,water,1
882,dracovish,dragon,2
883,arctovish,water,1
883,arctovish,ice,2
884,duraludon,steel,1
884,duraludon,dragon,2
885,dreepy,dragon,1
885,dreepy,ghost,2
886,drakloak,dragon,1
886,drakloak,ghost,2
887,dragapult,dragon,1
887,dragapult,ghost,2
888,zacian,fairy,1
889,zamazenta,fighting,1
890,eternatus,poison,1
890,eternatus,dragon,2
891,kubfu,fighting,1
892,urshifu-single-strike,fighting,1
892,urshifu-single-strike,dark,2
893,zarude,dark,1
893,zarude,grass,2
894,regieleki,electric,1
895,regidrago,dragon,1
896,glastrier,ice,1
897,spectrier,ghost,1
898,calyrex,psychic,1
898,calyrex,grass,2
899,wyrdeer,normal,1
899,wyrdeer,psychic,2
900,kleavor,bug,1
900,kleavor,rock,2
901,ursaluna,ground,1
901,ursaluna,normal,2
902,basculegion-male,water,1
902,basculegion-male,ghost,2
903,sneasler,fighting,1
903,sneasler,poison,2
904,overqwil,dark,1
904,overqwil,poison,2
905,enamorus-incarnate,fairy,1
905,enamorus-incarnate,flying,2
906,sprigatito,grass,1
907,floragato,grass,1
908,meowscarada,grass,1
908,meowscarada,dark,2
909,fuecoco,fire,1
910,crocalor,fire,1
911,skeledirge,fire,1
911,skeledirge,ghost,2
912,quaxly,water,1
913,quaxwell,water,1
914,quaquaval,water,1
914,quaquaval,fighting,2
915,lechonk,normal,1
916,oinkologne-male,normal,1
917,tarountula,bug,1
918,spidops,bug,1
919,nymble,bug,1
920,lokix,bug,1
920,lokix,dark,2
921,pawmi,electric,1
922,pawmo,electric,1
922,pawmo,fighting,2
923,pawmot,electric,1
923,pawmot,fighting,2
924,tandemaus,normal,1
925,maushold-family-of-four,normal,1
926,fidough,fairy,1
927,dachsbun,fairy,1
928,smoliv,grass,1
928,smoliv,normal,2
929,dolliv,grass,1
929,dolliv,normal,2
930,arboliva,grass,1
930,arboliva,normal,2
931,squawkabilly-green-plumage,normal,1
931,squawkabilly-green-plumage,flying,2
932,nacli,rock,1
933,naclstack,rock,1
934,garganacl,rock,1
935,charcadet,fire,1
936,armarouge,fire,1
936,armarouge,psychic,2
937,ceruledge,fire,1
937,ceruledge,ghost,2
938,tadbulb,electric,1
939,bellibolt,electric,1
940,wattrel,electric,1
940,wattrel,flying,2
941,kilowattrel,electric,1
941,kilowattrel,flying,2
942,maschiff,dark,1
943,mabosstiff,dark,1
944,shroodle,poison,1
944,shroodle,normal,2
945,grafaiai,poison,1
945,grafaiai,normal,2
946,bramblin,grass,1
946,bramblin,ghost,2
947,brambleghast,grass,1
947,brambleghast,ghost,2
948,toedscool,ground,1
948,toedscool,grass,2
949,toedscruel,ground,1
949,toedscruel,grass,2
950,klawf,rock,1
951,capsakid,grass,1
952,scovillain,grass,1
952,scovillain,fire,2
953,rellor,bug,1
954,rabsca,bug,1
954,rabsca,psychic,2
955,flittle,psychic,1
956,espathra,psychic,1
957,tinkatink,fairy,1
957,tinkatink,steel,2
958,tinkatuff,fairy,1
958,tinkatuff,steel,2
959,tinkaton,fairy,1
959,tinkaton,steel,2
960,wiglett,water,1
961,wugtrio,water,1
962,bombirdier,flying,1
962,bombirdier,dark,2
963,finizen,water,1
964,palafin-zero,water,1
965,varoom,steel,1
965,varoom,poison,2
966,revavroom,steel,1
966,revavroom,poison,2
967,cyclizar,dragon,1
967,cyclizar,normal,2
968,orthworm,steel,1
969,glimmet,rock,1
969,glimmet,poison,2
970,glimmora,rock,1
970,glimmora,poison,2
971,greavard,ghost,1
972,houndstone,ghost,1
973,flamigo,flying,1
973,flamigo,fighting,2
974,cetoddle,ice,1
975,cetitan,ice,1
976,veluza,water,1
976,veluza,psychic,2
977,dondozo,water,1
978,tatsugiri-curly,dragon,1
978,tatsugiri-curly,water,2
979,annihilape,fighting,1
979,annihilape,ghost,2
980,clodsire,poison,1
980,clodsire,ground,2
981,farigiraf,normal,1
981,farigiraf,psychic,2
982,dudunsparce-two-segment,normal,1
983,kingambit,dark,1
983,kingambit,steel,2
984,great-tusk,ground,1
984,great-tusk,fighting,2
985,scream-tail,fairy,1
985,scream-tail,psychic,2
986,brute-bonnet,grass,1
986,brute-bonnet,dark,2
987,flutter-mane,ghost,1
987,flutter-mane,fairy,2
988,slither-wing,bug,1
988,slither-wing,fighting,2
989,sandy-shocks,electric,1
989,sandy-shocks,ground,2
990,iron-treads,ground,1
990,iron-treads,steel,2
991,iron-bundle,ice,1
991,iron-bundle,water,2
992,iron-hands,fighting,1
992,iron-hands,electric,2
993,iron-jugulis,dark,1
993,iron-jugulis,flying,2
994,iron-moth,fire,1
994,iron-moth,poison,2
995,iron-thorns,rock,1
995,iron-thorns,electric,2
996,frigibax,dragon,1
996,frigibax,ice,2
997,arctibax,dragon,1
997,arctibax,ice,2
998,baxcalibur,dragon,1
998,baxcalibur,ice,2
999,gimmighoul,ghost,1
1000,gholdengo,steel,1
1000,gholdengo,ghost,2
1001,wo-chien,dark,1
1001,wo-chien,grass,2
1002,chien-pao,dark,1
1002,chien-pao,ice,2
1003,ting-lu,dark,1
1003,ting-lu,ground,2
1004,chi-yu,dark,1
1004,chi-yu,fire,2
1005,roaring-moon,dragon,1
1005,roaring-moon,dark,2
1006,iron-valiant,fairy,1
1006,iron-valiant,fighting,2
1007,koraidon,fighting,1
1007,koraidon,dragon,2
1008,miraidon,electric,1
1008,miraidon,dragon,2
1009,walking-wake,water,1
1009,walking-wake,dragon,2
1010,iron-leaves,grass,1
1010,iron-leaves,psychic,2
1011,dipplin,grass,1
1011,dipplin,dragon,2
1012,poltchageist,grass,1
1012,poltchageist,ghost,2
1013,sinistcha,grass,1
1013,sinistcha,ghost,2
1014,okidogi,poison,1
1014,okidogi,fighting,2
1015,munkidori,poison,1
1015,munkidori,psychic,2
1016,fezandipiti,poison,1
1016,fezandipiti,fairy,2
1017,ogerpon,grass,1
1018,archaludon,steel,1
1018,archaludon,dragon,2
1019,hydrapple,grass,1
1019,hydrapple,dragon,2
1020,gouging-fire,fire,1
1020,gouging-fire,dragon,2
1021,raging-bolt,electric,1
1021,raging-bolt,dragon,2
1022,iron-boulder,rock,1
1022,iron-boulder,psychic,2
1023,iron-crown,steel,1
1023,iron-crown,psychic,2
1024,terapagos,normal,1
1025,pecharunt,poison,1
1025,pecharunt,ghost,2
10001,deoxys-attack,psychic,1
10002,deoxys-defense,psychic,1
10003,deoxys-speed,psychic,1
10004,wormadam-sandy,bug,1
10004,wormadam-sandy,ground,2
10005,wormadam-trash,bug,1
10005,wormadam-trash,steel,2
10006,shaymin-sky,grass,1
10006,shaymin-sky,flying,2
10007,giratina-origin,ghost,1
10007,giratina-origin,dragon,2
10008,rotom-heat,electric,1
10008,rotom-heat,fire,2
10009,rotom-wash,electric,1
10009,rotom-wash,water,2
10010,rotom-frost,electric,1
10010,rotom-frost,ice,2
10011,rotom-fan,electric,1
10011,rotom-fan,flying,2
10012,rotom-mow,electric,1
10012,rotom-mow,grass,2
10013,castform-sunny,fire,1
10014,castform-rainy,water,1
10015,castform-snowy,ice,1
10016,basculin-blue-striped,water,1
10017,darmanitan-zen,fire,1
10017,darmanitan-zen,psychic,2
10018,meloetta-pirouette,normal,1
10018,meloetta-pirouette,fighting,2
10019,tornadus-therian,flying,1
10020,thundurus-therian,electric,1
10020,thundurus-therian,flying,2
10021,landorus-therian,ground,1
10021,landorus-therian,flying,2
10022,kyurem-black,dragon,1
10022,kyurem-black,ice,2
10023,kyurem-white,dragon,1
10023,kyurem-white,ice,2
10024,keldeo-resolute,water,1
10024,keldeo-resolute,fighting,2
10025,meowstic-female,psychic,1
10026,aegislash-blade,steel,1
10026,aegislash-blade,ghost,2
10027,pumpkaboo-small,ghost,1
10027,pumpkaboo-small,grass,2
10028,pumpkaboo-large,ghost,1
10028,pumpkaboo-large,grass,2
10029,pumpkaboo-super,ghost,1
10029,pumpkaboo-super,grass,2
10030,gourgeist-small,ghost,1
10030,gourgeist-small,grass,2
10031,gourgeist-large,ghost,1
10031,gourgeist-large,grass,2
10032,gourgeist-super,ghost,1
10032,gourgeist-super,grass,2
10033,venusaur-mega,grass,1
10033,venusaur-mega,poison,2
10034,charizard-mega-x,fire,1
10034,charizard-mega-x,dragon,2
10035,charizard-mega-y,fire,1
10035,charizard-mega-y,flying,2
10036,blastoise-mega,water,1
10037,alakazam-mega,psychic,1
10038,gengar-mega,ghost,1
10038,gengar-mega,poison,2
10039,kangaskhan-mega,normal,1
10040,pinsir-mega,bug,1
10040,pinsir-mega,flying,2
10041,gyarados-mega,water,1
10041,gyarados-mega,dark,2
10042,aerodactyl-mega,rock,1
10042,aerodactyl-mega,flying,2
10043,mewtwo-mega-x,psychic,1
10043,mewtwo-mega-x,fighting,2
10044,mewtwo-mega-y,psychic,1
10045,ampharos-mega,electric,1
10045,ampharos-mega,dragon,2
10046,scizor-mega,bug,1
10046,scizor-mega,steel,2
10047,heracross-mega,bug,1
10047,heracross-mega,fighting,2
10048,houndoom-mega,dark,1
10048,houndoom-mega,fire,2
10049,tyranitar-mega,rock,1
10049,tyranitar-mega,dark,2
10050,blaziken-mega,fire,1
10050,blaziken-mega,fighting,2
10051,gardevoir-mega,psychic,1
10051,gardevoir-mega,fairy,2
10052,mawile-mega,steel,1
10052,mawile-mega,fairy,2
10053,aggron-mega,steel,1
10054,medicham-mega,fighting,1
10054,medicham-mega,psychic,2
10055,manectric-mega,electric,1
10056,banette-mega,ghost,1
10057,absol-mega,dark,1
10058,garchomp-mega,dragon,1
10058,garchomp-mega,ground,2
10059,lucario-mega,fighting,1
10059,lucario-mega,steel,2
10060,abomasnow-mega,grass,1
10060,abomasnow-mega,ice,2
10061,floette-eternal,fairy,1
10062,latias-mega,dragon,1
10062,latias-mega,psychic,2
10063,latios-mega,dragon,1
10063,latios-mega,psychic,2
10064,swampert-mega,water,1
10064,swampert-mega,ground,2
10065,sceptile-mega,grass,1
10065,sceptile-mega,dragon,2
10066,sableye-mega,dark,1
10066,sableye-mega,ghost,2
10067,altaria-mega,dragon,1
10067,altaria-mega,fairy,2
10068,gallade-mega,psychic,1
10068,gallade-mega,fighting,2
10069,audino-mega,normal,1
10069,audino-mega,fairy,2
10070,sharpedo-mega,water,1
10070,sharpedo-mega,dark,2
10071,slowbro-mega,water,1
10071,slowbro-mega,psychic,2
10072,steelix-mega,steel,1
10072,steelix-mega,ground,2
10073,pidgeot-mega,normal,1
10073,pidgeot-mega,flying,2
10074,glalie-mega,ice,1
10075,diancie-mega,rock,1
10075,diancie-mega,fairy,2
10076,metagross-mega,steel,1
10076,metagross-mega,psychic,2
10077,kyogre-primal,water,1
10078,groudon-primal,ground,1
10078,groudon-primal,fire,2
10079,rayquaza-mega,dragon,1
10079,rayquaza-mega,flying,2
10080,pikachu-rock-star,electric,1
10081,pikachu-belle,electric,1
10082,pikachu-pop-star,electric,1
10083,pikachu-phd,electric,1
10084,pikachu-libre,electric,1
10085,pikachu-cosplay,electric,1
10086,hoopa-unbound,psychic,1
10086,hoopa-unbound,dark,2
10087,camerupt-mega,fire,1
10087,camerupt-mega,ground,2
10088,lopunny-mega,normal,1
10088,lopunny-mega,fighting,2
10089,salamence-mega,dragon,1
10089,salamence-mega,flying,2
10090,beedrill-mega,bug,1
10090,beedrill-mega,poison,2
10091,rattata-alola,dark,1
10091,rattata-alola,normal,2
10092,raticate-alola,dark,1
10092,raticate-alola,normal,2
10093,raticate-totem-alola,dark,1
10093,raticate-totem-alola,normal,2
10094,pikachu-original-cap,electric,1
10095,pikachu-hoenn-cap,electric,1
10096,pikachu-sinnoh-cap,electric,1
10097,pikachu-unova-cap,electric,1
10098,pikachu-kalos-cap,electric,1
10099,pikachu-alola-cap,electric,1
10100,raichu-alola,electric,1
10100,raichu-alola,psychic,2
10101,sandshrew-alola,ice,1
10101,sandshrew-alola,steel,2
10102,sandslash-alola,ice,1
10102,sandslash-alola,steel,2
10103,vulpix-alola,ice,1
10104,ninetales-alola,ice,1
10104,ninetales-alola,fairy,2
10105,diglett-alola,ground,1
10105,diglett-alola,steel,2
10106,dugtrio-alola,ground,1
10106,dugtrio-alola,steel,2
10107,meowth-alola,dark,1
10108,persian-alola,dark,1
10109,geodude-alola,rock,1
10109,geodude-alola,electric,2
10110,graveler-alola,rock,1
10110,graveler-alola,electric,2
10111,golem-alola,rock,1
10111,golem-alola,electric,2
10112,grimer-alola,poison,1
10112,grimer-alola,dark,2
10113,muk-alola,poison,1
10113,muk-alola,dark,2
10114,exeggutor-alola,grass,1
10114,exeggutor-alola,dragon,2
10115,marowak-alola,fire,1
10115,marowak-alola,ghost,2
10116,greninja-battle-bond,water,1
10116,greninja-battle-bond,dark,2
10117,greninja-ash,water,1
10117,greninja-ash,dark,2
10118,zygarde-10-power-construct,dragon,1
10118,zygarde-10-power-construct,ground,2
10119,zygarde-50-power-construct,dragon,1
10119,zygarde-50-power-construct,ground,2
10120,zygarde-complete,dragon,1
10120,zygarde-complete,ground,2
10121,gumshoos-totem,normal,1
10122,vikavolt-totem,bug,1
10122,vikavolt-totem,electric,2
10123,oricorio-pom-pom,electric,1
10123,oricorio-pom-pom,flying,2
10124,oricorio-pau,psychic,1
10124,oricorio-pau,flying,2
10125,oricorio-sensu,ghost,1
10125,oricorio-sensu,flying,2
10126,lycanroc-midnight,rock,1
10127,wishiwashi-school,water,1
10128,lurantis-totem,grass,1
10129,salazzle-totem,poison,1
10129,salazzle-totem,fire,2
10130,minior-orange-meteor,rock,1
10130,minior-orange-meteor,flying,2
10131,minior-yellow-meteor,rock,1
10131,minior-yellow-meteor,flying,2
10132,minior-green-meteor,rock,1
10132,minior-green-meteor,flying,2
10133,minior-blue-meteor,rock,1
10133,minior-blue-meteor,flying,2
10134,minior-indigo-meteor,rock,1
10134,minior-indigo-meteor,flying,2
10135,minior-violet-meteor,rock,1
10135,minior-violet-meteor,flying,2
10136,minior-red,rock,1
10136,minior-red,flying,2
10137,minior-orange,rock,1
10137,minior-orange,flying,2
10138,minior-yellow,rock,1
10138,minior-yellow,flying,2
10139,minior-green,rock,1
10139,minior-green,flying,2
10140,minior-blue,rock,1
10140,minior-blue,flying,2
10141,minior-indigo,rock,1
10141,minior-indigo,flying,2
10142,minior-violet,rock,1
10142,minior-violet,flying,2
10143,mimikyu-busted,ghost,1
10143,mimikyu-busted,fairy,2
10144,mimikyu-totem-disguised,ghost,1
10144,mimikyu-totem-disguised,fairy,2
10145,mimikyu-totem-busted,ghost,1
10145,mimikyu-totem-busted,fairy,2
10146,kommo-o-totem,dragon,1
10146,kommo-o-totem,fighting,2
10147,magearna-original,steel,1
10147,magearna-original,fairy,2
10148,pikachu-partner-cap,electric,1
10149,marowak-totem,fire,1
10149,marowak-totem,ghost,2
10150,ribombee-totem,bug,1
10150,ribombee-totem,fairy,2
10151,rockruff-own-tempo,rock,1
10152,lycanroc-dusk,rock,1
10153,araquanid-totem,water,1
10153,araquanid-totem,bug,2
10154,togedemaru-totem,electric,1
10154,togedemaru-totem,steel,2
10155,necrozma-dusk,psychic,1
10155,necrozma-dusk,steel,2
10156,necrozma-dawn,psychic,1
10156,necrozma-dawn,ghost,2
10157,necrozma-ultra,psychic,1
10157,necrozma-ultra,dragon,2
10158,pikachu-starter,electric,1
10159,eevee-starter,normal,1
10160,pikachu-world-cap,electric,1
10161,meowth-galar,steel,1
10162,ponyta-galar,psychic,1
10163,rapidash-galar,psychic,1
10163,rapidash-galar,fairy,2
10164,slowpoke-galar,psychic,1
10165,slowbro-galar,poison,1
10165,slowbro-galar,psychic,2
10166,farfetchd-galar,fighting,1
10167,weezing-galar,poison,1
10167,weezing-galar,fairy,2
10168,mr-mime-galar,ice,1
10168,mr-mime-galar,psychic,2
10169,articuno-galar,psychic,1
10169,articuno-galar,flying,2
10170,zapdos-galar,fighting,1
10170,zapdos-galar,flying,2
10171,moltres-galar,dark,1
10171,moltres-galar,flying,2
10172,slowking-galar,poison,1
10172,slowking-galar,psychic,2
10173,corsola-galar,ghost,1
10174,zigzagoon-galar,dark,1
10174,zigzagoon-galar,normal,2
10175,linoone-galar,dark,1
10175,linoone-galar,normal,2
10176,darumaka-galar,ice,1
10177,darmanitan-galar-standard,ice,1
10178,darmanitan-galar-zen,ice,1
10178,darmanitan-galar-zen,fire,2
10179,yamask-galar,ground,1
10179,yamask-galar,ghost,2
10180,stunfisk-galar,ground,1
10180,stunfisk-galar,steel,2
10181,zygarde-10,dragon,1
10181,zygarde-10,ground,2
10182,cramorant-gulping,flying,1
10182,cramorant-gulping,water,2
10183,cramorant-gorging,flying,1
10183,cramorant-gorging,water,2
10184,toxtricity-low-key,electric,1
10184,toxtricity-low-key,poison,2
10185,eiscue-noice,ice,1
10186,indeedee-female,psychic,1
10186,indeedee-female,normal,2
10187,morpeko-hangry,electric,1
10187,morpeko-hangry,dark,2
10188,zacian-crowned,fairy,1
10188,zacian-crowned,steel,2
10189,zamazenta-crowned,fighting,1
10189,zamazenta-crowned,steel,2
10190,eternatus-eternamax,poison,1
10190,eternatus-eternamax,dragon,2
10191,urshifu-rapid-strike,fighting,1
10191,urshifu-rapid-strike,water,2
10192,zarude-dada,dark,1
10192,zarude-dada,grass,2
10193,calyrex-ice,psychic,1
10193,calyrex-ice,ice,2
10194,calyrex-shadow,psychic,1
10194,calyrex-shadow,ghost,2
10195,venusaur-gmax,grass,1
10195,venusaur-gmax,poison,2
10196,charizard-gmax,fire,1
10196,charizard-gmax,flying,2
10197,blastoise-gmax,water,1
10198,butterfree-gmax,bug,1
10198,butterfree-gmax,flying,2
10199,pikachu-gmax,electric,1
10200,meowth-gmax,normal,1
10201,machamp-gmax,fighting,1
10202,gengar-gmax,ghost,1
10202,gengar-gmax,poison,2
10203,kingler-gmax,water,1
10204,lapras-gmax,water,1
10204,lapras-gmax,ice,2
10205,eevee-gmax,normal,1
10206,snorlax-gmax,normal,1
10207,garbodor-gmax,poison,1
10208,melmetal-gmax,steel,1
10209,rillaboom-gmax,grass,1
10210,cinderace-gmax,fire,1
10211,inteleon-gmax,water,1
10212,corviknight-gmax,flying,1
10212,corviknight-gmax,steel,2
10213,orbeetle-gmax,bug,1
10213,orbeetle-gmax,psychic,2
10214,drednaw-gmax,water,1
10214,drednaw-gmax,rock,2
10215,coalossal-gmax,rock,1
10215,coalossal-gmax,fire,2
10216,flapple-gmax,grass,1
10216,flapple-gmax,dragon,2
10217,appletun-gmax,grass,1
10217,appletun-gmax,dragon,2
10218,sandaconda-gmax,ground,1
10219,toxtricity-amped-gmax,electric,1
10219,toxtricity-amped-gmax,poison,2
10220,centiskorch-gmax,fire,1
10220,centiskorch-gmax,bug,2
10221,hatterene-gmax,psychic,1
10221,hatterene-gmax,fairy,2
10222,grimmsnarl-gmax,dark,1
10222,grimmsnarl-gmax,fairy,2
10223,alcremie-gmax,fairy,1
10224,copperajah-gmax,steel,1
10225,duraludon-gmax,steel,1
10225,duraludon-gmax,dragon,2
10226,urshifu-single-strike-gmax,fighting,1
10226,urshifu-single-strike-gmax,dark,2
10227,urshifu-rapid-strike-gmax,fighting,1
10227,urshifu-rapid-strike-gmax,water,2
10228,toxtricity-low-key-gmax,electric,1
10228,toxtricity-low-key-gmax,poison,2
10229,growlithe-hisui,fire,1
10229,growlithe-hisui,rock,2
10230,arcanine-hisui,fire,1
10230,arcanine-hisui,rock,2
10231,voltorb-hisui,electric,1
10231,voltorb-hisui,grass,2
10232,electrode-hisui,electric,1
10232,electrode-hisui,grass,2
10233,typhlosion-hisui,fire,1
10233,typhlosion-hisui,ghost,2
10234,qwilfish-hisui,dark,1
10234,qwilfish-hisui,poison,2
10235,sneasel-hisui,fighting,1
10235,sneasel-hisui,poison,2
10236,samurott-hisui,water,1
10236,samurott-hisui,dark,2
10237,lilligant-hisui,grass,1
10237,lilligant-hisui,fighting,2
10238,zorua-hisui,normal,1
10238,zorua-hisui,ghost,2
10239,zoroark-hisui,normal,1
10239,zoroark-hisui,ghost,2
10240,braviary-hisui,psychic,1
10240,braviary-hisui,flying,2
10241,sliggoo-hisui,steel,1
10241,sliggoo-hisui,dragon,2
10242,goodra-hisui,steel,1
10242,goodra-hisui,dragon,2
10243,avalugg-hisui,ice,1
10243,avalugg-hisui,rock,2
10244,decidueye-hisui,grass,1
10244,decidueye-hisui,fighting,2
10245,dialga-origin,steel,1
10245,dialga-origin,dragon,2
10246,palkia-origin,water,1
10246,palkia-origin,dragon,2
10247,basculin-white-striped,water,1
10248,basculegion-female,water,1
10248,basculegion-female,ghost,2
10249,enamorus-therian,fairy,1
10249,enamorus-therian,flying,2
10250,tauros-paldea-combat-breed,fighting,1
10251,tauros-paldea-blaze-breed,fighting,1
10251,tauros-paldea-blaze-breed,fire,2
10252,tauros-paldea-aqua-breed,fighting,1
10252,tauros-paldea-aqua-breed,water,2
10253,wooper-paldea,poison,1
10253,wooper-paldea,ground,2
10254,oinkologne-female,normal,1
10255,dudunsparce-three-segment,normal,1
10256,palafin-hero,water,1
10257,maushold-family-of-three,normal,1
10258,tatsugiri-droopy,dragon,1
10258,tatsugiri-droopy,water,2
10259,tatsugiri-stretchy,dragon,1
10259,tatsugiri-stretchy,water,2
10260,squawkabilly-blue-plumage,normal,1
10260,squawkabilly-blue-plumage,flying,2
10261,squawkabilly-yellow-plumage,normal,1
10261,squawkabilly-yellow-plumage,flying,2
10262,squawkabilly-white-plumage,normal,1
10262,squawkabilly-white-plumage,flying,2
10263,gimmighoul-roaming,ghost,1
10264,koraidon-limited-build,fighting,1
10264,koraidon-limited-build,dragon,2
10265,koraidon-sprinting-build,fighting,1
10265,koraidon-sprinting-build,dragon,2
10266,koraidon-swimming-build,fighting,1
10266,koraidon-swimming-build,dragon,2
10267,koraidon-gliding-build,fighting,1
10267,koraidon-gliding-build,dragon,2
10268,miraidon-low-power-mode,electric,1
10268,miraidon-low-power-mode,dragon,2
10269,miraidon-drive-mode,electric,1
10269,miraidon-drive-mode,dragon,2
10270,miraidon-aquatic-mode,electric,1
10270,miraidon-aquatic-mode,dragon,2
10271,miraidon-glide-mode,electric,1
10271,miraidon-glide-mode,dragon,2
10272,ursaluna-bloodmoon,ground,1
10272,ursaluna-bloodmoon,normal,2
10273,ogerpon-wellspring-mask,grass,1
10273,ogerpon-wellspring-mask,water,2
10274,ogerpon-hearthflame-mask,grass,1
10274,ogerpon-hearthflame-mask,fire,2
10275,ogerpon-cornerstone-mask,grass,1
10275,ogerpon-cornerstone-mask,rock,2
10276,terapagos-terastal,normal,1
10277,terapagos-stellar,normal,1
10278,clefable-mega,fairy,1
10278,clefable-mega,flying,2
10279,victreebel-mega,grass,1
10279,victreebel-mega,poison,2
10280,starmie-mega,water,1
10280,starmie-mega,psychic,2
10281,dragonite-mega,dragon,1
10281,dragonite-mega,flying,2
10282,meganium-mega,grass,1
10282,meganium-mega,fairy,2
10283,feraligatr-mega,water,1
10283,feraligatr-mega,dragon,2
10284,skarmory-mega,steel,1
10284,skarmory-mega,flying,2
10285,froslass-mega,ice,1
10285,froslass-mega,ghost,2
10286,emboar-mega,fire,1
10286,emboar-mega,fighting,2
10287,excadrill-mega,ground,1
10287,excadrill-mega,steel,2
10288,scolipede-mega,bug,1
10288,scolipede-mega,poison,2
10289,scrafty-mega,dark,1
10289,scrafty-mega,fighting,2
10290,eelektross-mega,electric,1
10291,chandelure-mega,ghost,1
10291,chandelure-mega,fire,2
10292,chesnaught-mega,grass,1
10292,chesnaught-mega,fighting,2
10293,delphox-mega,fire,1
10293,delphox-mega,psychic,2
10294,greninja-mega,water,1
10294,greninja-mega,dark,2
10295,pyroar-mega,fire,1
10295,pyroar-mega,normal,2
10296,floette-mega,fairy,1
10297,malamar-mega,dark,1
10297,malamar-mega,psychic,2
10298,barbaracle-mega,rock,1
10298,barbaracle-mega,fighting,2
10299,dragalge-mega,poison,1
10299,dragalge-mega,dragon,2
10300,hawlucha-mega,fighting,1
10300,hawlucha-mega,flying,2
10301,zygarde-mega,dragon,1
10301,zygarde-mega,ground,2
10302,drampa-mega,normal,1
10302,drampa-mega,dragon,2
10303,falinks-mega,fighting,1
10304,raichu-mega-x,electric,1
10305,raichu-mega-y,electric,1
10306,chimecho-mega,psychic,1
10306,chimecho-mega,steel,2
10307,absol-mega-z,dark,1
10307,absol-mega-z,ghost,2
10308,staraptor-mega,fighting,1
10308,staraptor-mega,flying,2
10309,garchomp-mega-z,dragon,1
10310,lucario-mega-z,fighting,1
10310,lucario-mega-z,steel,2
10311,heatran-mega,fire,1
10311,heatran-mega,steel,2
10312,darkrai-mega,dark,1
10313,golurk-mega,ground,1
10313,golurk-mega,ghost,2
10314,meowstic-mega,psychic,1
10315,crabominable-mega,fighting,1
10315,crabominable-mega,ice,2
10316,golisopod-mega,bug,1
10316,golisopod-mega,steel,2
10317,magearna-mega,steel,1
10317,magearna-mega,fairy,2
10318,magearna-original-mega,steel,1
10318,magearna-original-mega,fairy,2
10319,zeraora-mega,electric,1
10320,scovillain-mega,grass,1
10320,scovillain-mega,fire,2
10321,glimmora-mega,rock,1
10321,glimmora-mega,poison,2
10322,tatsugiri-curly-mega,dragon,1
10322,tatsugiri-curly-mega,water,2
10323,tatsugiri-droopy-mega,dragon,1
10323,tatsugiri-droopy-mega,water,2
10324,tatsugiri-stretchy-mega,dragon,1
10324,tatsugiri-stretchy-mega,water,2
10325,baxcalibur-mega,dragon,1
10325,baxcalibur-mega,ice,2
