id,name,ability_name,is_hidden,slot
1,bulbasaur,overgrow,False,1
1,bulbasaur,chlorophyll,True,3
2,ivysaur,overgrow,False,1
2,ivysaur,chlorophyll,True,3
3,venusaur,overgrow,False,1
3,venusaur,chlorophyll,True,3
4,charmander,blaze,False,1
4,charmander,solar-power,True,3
5,charmeleon,blaze,False,1
5,charmeleon,solar-power,True,3
6,charizard,blaze,False,1
6,charizard,solar-power,True,3
7,squirtle,torrent,False,1
7,squirtle,rain-dish,True,3
8,wartortle,torrent,False,1
8,wartortle,rain-dish,True,3
9,blastoise,torrent,False,1
9,blastoise,rain-dish,True,3
10,caterpie,shield-dust,False,1
10,caterpie,run-away,True,3
11,metapod,shed-skin,False,1
12,butterfree,compound-eyes,False,1
12,butterfree,tinted-lens,True,3
13,weedle,shield-dust,False,1
13,weedle,run-away,True,3
14,kakuna,shed-skin,False,1
15,beedrill,swarm,False,1
15,beedrill,sniper,True,3
16,pidgey,keen-eye,False,1
16,pidgey,tangled-feet,False,2
16,pidgey,big-pecks,True,3
17,pidgeotto,keen-eye,False,1
17,pidgeotto,tangled-feet,False,2
17,pidgeotto,big-pecks,True,3
18,pidgeot,keen-eye,False,1
18,pidgeot,tangled-feet,False,2
18,pidgeot,big-pecks,True,3
19,rattata,run-away,False,1
19,rattata,guts,False,2
19,rattata,hustle,True,3
20,raticate,run-away,False,1
20,raticate,guts,False,2
20,raticate,hustle,True,3
21,spearow,keen-eye,False,1
21,spearow,sniper,True,3
22,fearow,keen-eye,False,1
22,fearow,sniper,True,3
23,ekans,intimidate,False,1
23,ekans,shed-skin,False,2
23,ekans,unnerve,True,3
24,arbok,intimidate,False,1
24,arbok,shed-skin,False,2
24,arbok,unnerve,True,3
25,pikachu,static,False,1
25,pikachu,lightning-rod,True,3
26,raichu,static,False,1
26,raichu,lightning-rod,True,3
27,sandshrew,sand-veil,False,1
27,sandshrew,sand-rush,True,3
28,sandslash,sand-veil,False,1
28,sandslash,sand-rush,True,3
29,nidoran-f,poison-point,False,1
29,nidoran-f,rivalry,False,2
29,nidoran-f,hustle,True,3
30,nidorina,poison-point,False,1
30,nidorina,rivalry,False,2
30,nidorina,hustle,True,3
31,nidoqueen,poison-point,False,1
31,nidoqueen,rivalry,False,2
31,nidoqueen,sheer-force,True,3
32,nidoran-m,poison-point,False,1
32,nidoran-m,rivalry,False,2
32,nidoran-m,hustle,True,3
33,nidorino,poison-point,False,1
33,nidorino,rivalry,False,2
33,nidorino,hustle,True,3
34,nidoking,poison-point,False,1
34,nidoking,rivalry,False,2
34,nidoking,sheer-force,True,3
35,clefairy,cute-charm,False,1
35,clefairy,magic-guard,False,2
35,clefairy,friend-guard,True,3
36,clefable,cute-charm,False,1
36,clefable,magic-guard,False,2
36,clefable,unaware,True,3
37,vulpix,flash-fire,False,1
37,vulpix,drought,True,3
38,ninetales,flash-fire,False,1
38,ninetales,drought,True,3
39,jigglypuff,cute-charm,False,1
39,jigglypuff,competitive,False,2
39,jigglypuff,friend-guard,True,3
40,wigglytuff,cute-charm,False,1
40,wigglytuff,competitive,False,2
40,wigglytuff,frisk,True,3
41,zubat,inner-focus,False,1
41,zubat,infiltrator,True,3
42,golbat,inner-focus,False,1
42,golbat,infiltrator,True,3
43,oddish,chlorophyll,False,1
43,oddish,run-away,True,3
44,gloom,chlorophyll,False,1
44,gloom,stench,True,3
45,vileplume,chlorophyll,False,1
45,vileplume,effect-spore,True,3
46,paras,effect-spore,False,1
46,paras,dry-skin,False,2
46,paras,damp,True,3
47,parasect,effect-spore,False,1
47,parasect,dry-skin,False,2
47,parasect,damp,True,3
48,venonat,compound-eyes,False,1
48,venonat,tinted-lens,False,2
48,venonat,run-away,True,3
49,venomoth,shield-dust,False,1
49,venomoth,tinted-lens,False,2
49,venomoth,wonder-skin,True,3
50,diglett,sand-veil,False,1
50,diglett,arena-trap,False,2
50,diglett,sand-force,True,3
51,dugtrio,sand-veil,False,1
51,dugtrio,arena-trap,False,2
51,dugtrio,sand-force,True,3
52,meowth,pickup,False,1
52,meowth,technician,False,2
52,meowth,unnerve,True,3
53,persian,limber,False,1
53,persian,technician,False,2
53,persian,unnerve,True,3
54,psyduck,damp,False,1
54,psyduck,cloud-nine,False,2
54,psyduck,swift-swim,True,3
55,golduck,damp,False,1
55,golduck,cloud-nine,False,2
55,golduck,swift-swim,True,3
56,mankey,vital-spirit,False,1
56,mankey,anger-point,False,2
56,mankey,defiant,True,3
57,primeape,vital-spirit,False,1
57,primeape,anger-point,False,2
57,primeape,defiant,True,3
58,growlithe,intimidate,False,1
58,growlithe,flash-fire,False,2
58,growlithe,justified,True,3
59,arcanine,intimidate,False,1
59,arcanine,flash-fire,False,2
59,arcanine,justified,True,3
60,poliwag,water-absorb,False,1
60,poliwag,damp,False,2
60,poliwag,swift-swim,True,3
61,poliwhirl,water-absorb,False,1
61,poliwhirl,damp,False,2
61,poliwhirl,swift-swim,True,3
62,poliwrath,water-absorb,False,1
62,poliwrath,damp,False,2
62,poliwrath,swift-swim,True,3
63,abra,synchronize,False,1
63,abra,inner-focus,False,2
63,abra,magic-guard,True,3
64,kadabra,synchronize,False,1
64,kadabra,inner-focus,False,2
64,kadabra,magic-guard,True,3
65,alakazam,synchronize,False,1
65,alakazam,inner-focus,False,2
65,alakazam,magic-guard,True,3
66,machop,guts,False,1
66,machop,no-guard,False,2
66,machop,steadfast,True,3
67,machoke,guts,False,1
67,machoke,no-guard,False,2
67,machoke,steadfast,True,3
68,machamp,guts,False,1
68,machamp,no-guard,False,2
68,machamp,steadfast,True,3
69,bellsprout,chlorophyll,False,1
69,bellsprout,gluttony,True,3
70,weepinbell,chlorophyll,False,1
70,weepinbell,gluttony,True,3
71,victreebel,chlorophyll,False,1
71,victreebel,gluttony,True,3
72,tentacool,clear-body,False,1
72,tentacool,liquid-ooze,False,2
72,tentacool,rain-dish,True,3
73,tentacruel,clear-body,False,1
73,tentacruel,liquid-ooze,False,2
73,tentacruel,rain-dish,True,3
74,geodude,rock-head,False,1
74,geodude,sturdy,False,2
74,geodude,sand-veil,True,3
75,graveler,rock-head,False,1
75,graveler,sturdy,False,2
75,graveler,sand-veil,True,3
76,golem,rock-head,False,1
76,golem,sturdy,False,2
76,golem,sand-veil,True,3
77,ponyta,run-away,False,1
77,ponyta,flash-fire,False,2
77,ponyta,flame-body,True,3
78,rapidash,run-away,False,1
78,rapidash,flash-fire,False,2
78,rapidash,flame-body,True,3
79,slowpoke,oblivious,False,1
79,slowpoke,own-tempo,False,2
79,slowpoke,regenerator,True,3
80,slowbro,oblivious,False,1
80,slowbro,own-tempo,False,2
80,slowbro,regenerator,True,3
81,magnemite,magnet-pull,False,1
81,magnemite,sturdy,False,2
81,magnemite,analytic,True,3
82,magneton,magnet-pull,False,1
82,magneton,sturdy,False,2
82,magneton,analytic,True,3
83,farfetchd,keen-eye,False,1
83,farfetchd,inner-focus,False,2
83,farfetchd,defiant,True,3
84,doduo,run-away,False,1
84,doduo,early-bird,False,2
84,doduo,tangled-feet,True,3
85,dodrio,run-away,False,1
85,dodrio,early-bird,False,2
85,dodrio,tangled-feet,True,3
86,seel,thick-fat,False,1
86,seel,hydration,False,2
86,seel,ice-body,True,3
87,dewgong,thick-fat,False,1
87,dewgong,hydration,False,2
87,dewgong,ice-body,True,3
88,grimer,stench,False,1
88,grimer,sticky-hold,False,2
88,grimer,poison-touch,True,3
89,muk,stench,False,1
89,muk,sticky-hold,False,2
89,muk,poison-touch,True,3
90,shellder,shell-armor,False,1
90,shellder,skill-link,False,2
90,shellder,overcoat,True,3
91,cloyster,shell-armor,False,1
91,cloyster,skill-link,False,2
91,cloyster,overcoat,True,3
92,gastly,levitate,False,1
93,haunter,levitate,False,1
94,gengar,cursed-body,False,1
95,onix,rock-head,False,1
95,onix,sturdy,False,2
95,onix,weak-armor,True,3
96,drowzee,insomnia,False,1
96,drowzee,forewarn,False,2
96,drowzee,inner-focus,True,3
97,hypno,insomnia,False,1
97,hypno,forewarn,False,2
97,hypno,inner-focus,True,3
98,krabby,hyper-cutter,False,1
98,krabby,shell-armor,False,2
98,krabby,sheer-force,True,3
99,kingler,hyper-cutter,False,1
99,kingler,shell-armor,False,2
99,kingler,sheer-force,True,3
100,voltorb,soundproof,False,1
100,voltorb,static,False,2
100,voltorb,aftermath,True,3
101,electrode,soundproof,False,1
101,electrode,static,False,2
101,electrode,aftermath,True,3
102,exeggcute,chlorophyll,False,1
102,exeggcute,harvest,True,3
103,exeggutor,chlorophyll,False,1
103,exeggutor,harvest,True,3
104,cubone,rock-head,False,1
104,cubone,lightning-rod,False,2
104,cubone,battle-armor,True,3
105,marowak,rock-head,False,1
105,marowak,lightning-rod,False,2
105,marowak,battle-armor,True,3
106,hitmonlee,limber,False,1
106,hitmonlee,reckless,False,2
106,hitmonlee,unburden,True,3
107,hitmonchan,keen-eye,False,1
107,hitmonchan,iron-fist,False,2
107,hitmonchan,inner-focus,True,3
108,lickitung,own-tempo,False,1
108,lickitung,oblivious,False,2
108,lickitung,cloud-nine,True,3
109,koffing,levitate,False,1
109,koffing,neutralizing-gas,False,2
109,koffing,stench,True,3
110,weezing,levitate,False,1
110,weezing,neutralizing-gas,False,2
110,weezing,stench,True,3
111,rhyhorn,lightning-rod,False,1
111,rhyhorn,rock-head,False,2
111,rhyhorn,reckless,True,3
112,rhydon,lightning-rod,False,1
112,rhydon,rock-head,False,2
112,rhydon,reckless,True,3
113,chansey,natural-cure,False,1
113,chansey,serene-grace,False,2
113,chansey,healer,True,3
114,tangela,chlorophyll,False,1
114,tangela,leaf-guard,False,2
114,tangela,regenerator,True,3
115,kangaskhan,early-bird,False,1
115,kangaskhan,scrappy,False,2
115,kangaskhan,inner-focus,True,3
116,horsea,swift-swim,False,1
116,horsea,sniper,False,2
116,horsea,damp,True,3
117,seadra,poison-point,False,1
117,seadra,sniper,False,2
117,seadra,damp,True,3
118,goldeen,swift-swim,False,1
118,goldeen,water-veil,False,2
118,goldeen,lightning-rod,True,3
119,seaking,swift-swim,False,1
119,seaking,water-veil,False,2
119,seaking,lightning-rod,True,3
120,staryu,illuminate,False,1
120,staryu,natural-cure,False,2
120,staryu,analytic,True,3
121,starmie,illuminate,False,1
121,starmie,natural-cure,False,2
121,starmie,analytic,True,3
122,mr-mime,soundproof,False,1
122,mr-mime,filter,False,2
122,mr-mime,technician,True,3
123,scyther,swarm,False,1
123,scyther,technician,False,2
123,scyther,steadfast,True,3
124,jynx,oblivious,False,1
124,jynx,forewarn,False,2
124,jynx,dry-skin,True,3
125,electabuzz,static,False,1
125,electabuzz,vital-spirit,True,3
126,magmar,flame-body,False,1
126,magmar,vital-spirit,True,3
127,pinsir,hyper-cutter,False,1
127,pinsir,mold-breaker,False,2
127,pinsir,moxie,True,3
128,tauros,intimidate,False,1
128,tauros,anger-point,False,2
128,tauros,sheer-force,True,3
129,magikarp,swift-swim,False,1
129,magikarp,rattled,True,3
130,gyarados,intimidate,False,1
130,gyarados,moxie,True,3
131,lapras,water-absorb,False,1
131,lapras,shell-armor,False,2
131,lapras,hydration,True,3
132,ditto,limber,False,1
132,ditto,imposter,True,3
133,eevee,run-away,False,1
133,eevee,adaptability,False,2
133,eevee,anticipation,True,3
134,vaporeon,water-absorb,False,1
134,vaporeon,hydration,True,3
135,jolteon,volt-absorb,False,1
135,jolteon,quick-feet,True,3
136,flareon,flash-fire,False,1
136,flareon,guts,True,3
137,porygon,trace,False,1
137,porygon,download,False,2
137,porygon,analytic,True,3
138,omanyte,swift-swim,False,1
138,omanyte,shell-armor,False,2
138,omanyte,weak-armor,True,3
139,omastar,swift-swim,False,1
139,omastar,shell-armor,False,2
139,omastar,weak-armor,True,3
140,kabuto,swift-swim,False,1
140,kabuto,battle-armor,False,2
140,kabuto,weak-armor,True,3
141,kabutops,swift-swim,False,1
141,kabutops,battle-armor,False,2
141,kabutops,weak-armor,True,3
142,aerodactyl,rock-head,False,1
142,aerodactyl,pressure,False,2
142,aerodactyl,unnerve,True,3
143,snorlax,immunity,False,1
143,snorlax,thick-fat,False,2
143,snorlax,gluttony,True,3
144,articuno,pressure,False,1
144,articuno,snow-cloak,True,3
145,zapdos,pressure,False,1
145,zapdos,static,True,3
146,moltres,pressure,False,1
146,moltres,flame-body,True,3
147,dratini,shed-skin,False,1
147,dratini,marvel-scale,True,3
148,dragonair,shed-skin,False,1
148,dragonair,marvel-scale,True,3
149,dragonite,inner-focus,False,1
149,dragonite,multiscale,True,3
150,mewtwo,pressure,False,1
150,mewtwo,unnerve,True,3
151,mew,synchronize,False,1
152,chikorita,overgrow,False,1
152,chikorita,leaf-guard,True,3
153,bayleef,overgrow,False,1
153,bayleef,leaf-guard,True,3
154,meganium,overgrow,False,1
154,meganium,leaf-guard,True,3
155,cyndaquil,blaze,False,1
155,cyndaquil,flash-fire,True,3
156,quilava,blaze,False,1
156,quilava,flash-fire,True,3
157,typhlosion,blaze,False,1
157,typhlosion,flash-fire,True,3
158,totodile,torrent,False,1
158,totodile,sheer-force,True,3
159,croconaw,torrent,False,1
159,croconaw,sheer-force,True,3
160,feraligatr,torrent,False,1
160,feraligatr,sheer-force,True,3
161,sentret,run-away,False,1
161,sentret,keen-eye,False,2
161,sentret,frisk,True,3
162,furret,run-away,False,1
162,furret,keen-eye,False,2
162,furret,frisk,True,3
163,hoothoot,insomnia,False,1
163,hoothoot,keen-eye,False,2
163,hoothoot,tinted-lens,True,3
164,noctowl,insomnia,False,1
164,noctowl,keen-eye,False,2
164,noctowl,tinted-lens,True,3
165,ledyba,swarm,False,1
165,ledyba,early-bird,False,2
165,ledyba,rattled,True,3
166,ledian,swarm,False,1
166,ledian,early-bird,False,2
166,ledian,iron-fist,True,3
167,spinarak,swarm,False,1
167,spinarak,insomnia,False,2
167,spinarak,sniper,True,3
168,ariados,swarm,False,1
168,ariados,insomnia,False,2
168,ariados,sniper,True,3
169,crobat,inner-focus,False,1
169,crobat,infiltrator,True,3
170,chinchou,volt-absorb,False,1
170,chinchou,illuminate,False,2
170,chinchou,water-absorb,True,3
171,lanturn,volt-absorb,False,1
171,lanturn,illuminate,False,2
171,lanturn,water-absorb,True,3
172,pichu,static,False,1
172,pichu,lightning-rod,True,3
173,cleffa,cute-charm,False,1
173,cleffa,magic-guard,False,2
173,cleffa,friend-guard,True,3
174,igglybuff,cute-charm,False,1
174,igglybuff,competitive,False,2
174,igglybuff,friend-guard,True,3
175,togepi,hustle,False,1
175,togepi,serene-grace,False,2
175,togepi,super-luck,True,3
176,togetic,hustle,False,1
176,togetic,serene-grace,False,2
176,togetic,super-luck,True,3
177,natu,synchronize,False,1
177,natu,early-bird,False,2
177,natu,magic-bounce,True,3
178,xatu,synchronize,False,1
178,xatu,early-bird,False,2
178,xatu,magic-bounce,True,3
179,mareep,static,False,1
179,mareep,plus,True,3
180,flaaffy,static,False,1
180,flaaffy,plus,True,3
181,ampharos,static,False,1
181,ampharos,plus,True,3
182,bellossom,chlorophyll,False,1
182,bellossom,healer,True,3
183,marill,thick-fat,False,1
183,marill,huge-power,False,2
183,marill,sap-sipper,True,3
184,azumarill,thick-fat,False,1
184,azumarill,huge-power,False,2
184,azumarill,sap-sipper,True,3
185,sudowoodo,sturdy,False,1
185,sudowoodo,rock-head,False,2
185,sudowoodo,rattled,True,3
186,politoed,water-absorb,False,1
186,politoed,damp,False,2
186,politoed,drizzle,True,3
187,hoppip,chlorophyll,False,1
187,hoppip,leaf-guard,False,2
187,hoppip,infiltrator,True,3
188,skiploom,chlorophyll,False,1
188,skiploom,leaf-guard,False,2
188,skiploom,infiltrator,True,3
189,jumpluff,chlorophyll,False,1
189,jumpluff,leaf-guard,False,2
189,jumpluff,infiltrator,True,3
190,aipom,run-away,False,1
190,aipom,pickup,False,2
190,aipom,skill-link,True,3
191,sunkern,chlorophyll,False,1
191,sunkern,solar-power,False,2
191,sunkern,early-bird,True,3
192,sunflora,chlorophyll,False,1
192,sunflora,solar-power,False,2
192,sunflora,early-bird,True,3
193,yanma,speed-boost,False,1
193,yanma,compound-eyes,False,2
193,yanma,frisk,True,3
194,wooper,damp,False,1
194,wooper,water-absorb,False,2
194,wooper,unaware,True,3
195,quagsire,damp,False,1
195,quagsire,water-absorb,False,2
195,quagsire,unaware,True,3
196,espeon,synchronize,False,1
196,espeon,magic-bounce,True,3
197,umbreon,synchronize,False,1
197,umbreon,inner-focus,True,3
198,murkrow,insomnia,False,1
198,murkrow,super-luck,False,2
198,murkrow,prankster,True,3
199,slowking,oblivious,False,1
199,slowking,own-tempo,False,2
199,slowking,regenerator,True,3
200,misdreavus,levitate,False,1
201,unown,levitate,False,1
202,wobbuffet,shadow-tag,False,1
202,wobbuffet,telepathy,True,3
203,girafarig,inner-focus,False,1
203,girafarig,early-bird,False,2
203,girafarig,sap-sipper,True,3
204,pineco,sturdy,False,1
204,pineco,overcoat,True,3
205,forretress,sturdy,False,1
205,forretress,overcoat,True,3
206,dunsparce,serene-grace,False,1
206,dunsparce,run-away,False,2
206,dunsparce,rattled,True,3
207,gligar,hyper-cutter,False,1
207,gligar,sand-veil,False,2
207,gligar,immunity,True,3
208,steelix,rock-head,False,1
208,steelix,sturdy,False,2
208,steelix,sheer-force,True,3
209,snubbull,intimidate,False,1
209,snubbull,run-away,False,2
209,snubbull,rattled,True,3
210,granbull,intimidate,False,1
210,granbull,quick-feet,False,2
210,granbull,rattled,True,3
211,qwilfish,poison-point,False,1
211,qwilfish,swift-swim,False,2
211,qwilfish,intimidate,True,3
212,scizor,swarm,False,1
212,scizor,technician,False,2
212,scizor,light-metal,True,3
213,shuckle,sturdy,False,1
213,shuckle,gluttony,False,2
213,shuckle,contrary,True,3
214,heracross,swarm,False,1
214,heracross,guts,False,2
214,heracross,moxie,True,3
215,sneasel,inner-focus,False,1
215,sneasel,keen-eye,False,2
215,sneasel,pickpocket,True,3
216,teddiursa,pickup,False,1
216,teddiursa,quick-feet,False,2
216,teddiursa,honey-gather,True,3
217,ursaring,guts,False,1
217,ursaring,quick-feet,False,2
217,ursaring,unnerve,True,3
218,slugma,magma-armor,False,1
218,slugma,flame-body,False,2
218,slugma,weak-armor,True,3
219,magcargo,magma-armor,False,1
219,magcargo,flame-body,False,2
219,magcargo,weak-armor,True,3
220,swinub,oblivious,False,1
220,swinub,snow-cloak,False,2
220,swinub,thick-fat,True,3
221,piloswine,oblivious,False,1
221,piloswine,snow-cloak,False,2
221,piloswine,thick-fat,True,3
222,corsola,hustle,False,1
222,corsola,natural-cure,False,2
222,corsola,regenerator,True,3
223,remoraid,hustle,False,1
223,remoraid,sniper,False,2
223,remoraid,moody,True,3
224,octillery,suction-cups,False,1
224,octillery,sniper,False,2
224,octillery,moody,True,3
225,delibird,vital-spirit,False,1
225,delibird,hustle,False,2
225,delibird,insomnia,True,3
226,mantine,swift-swim,False,1
226,mantine,water-absorb,False,2
226,mantine,water-veil,True,3
227,skarmory,keen-eye,False,1
227,skarmory,sturdy,False,2
227,skarmory,weak-armor,True,3
228,houndour,early-bird,False,1
228,houndour,flash-fire,False,2
228,houndour,unnerve,True,3
229,houndoom,early-bird,False,1
229,houndoom,flash-fire,False,2
229,houndoom,unnerve,True,3
230,kingdra,swift-swim,False,1
230,kingdra,sniper,False,2
230,kingdra,damp,True,3
231,phanpy,pickup,False,1
231,phanpy,sand-veil,True,3
232,donphan,sturdy,False,1
232,donphan,sand-veil,True,3
233,porygon2,trace,False,1
233,porygon2,download,False,2
233,porygon2,analytic,True,3
234,stantler,intimidate,False,1
234,stantler,frisk,False,2
234,stantler,sap-sipper,True,3
235,smeargle,own-tempo,False,1
235,smeargle,technician,False,2
235,smeargle,moody,True,3
236,tyrogue,guts,False,1
236,tyrogue,steadfast,False,2
236,tyrogue,vital-spirit,True,3
237,hitmontop,intimidate,False,1
237,hitmontop,technician,False,2
237,hitmontop,steadfast,True,3
238,smoochum,oblivious,False,1
238,smoochum,forewarn,False,2
238,smoochum,hydration,True,3
239,elekid,static,False,1
239,elekid,vital-spirit,True,3
240,magby,flame-body,False,1
240,magby,vital-spirit,True,3
241,miltank,thick-fat,False,1
241,miltank,scrappy,False,2
241,miltank,sap-sipper,True,3
242,blissey,natural-cure,False,1
242,blissey,serene-grace,False,2
242,blissey,healer,True,3
243,raikou,pressure,False,1
243,raikou,inner-focus,True,3
244,entei,pressure,False,1
244,entei,inner-focus,True,3
245,suicune,pressure,False,1
245,suicune,inner-focus,True,3
246,larvitar,guts,False,1
246,larvitar,sand-veil,True,3
247,pupitar,shed-skin,False,1
248,tyranitar,sand-stream,False,1
248,tyranitar,unnerve,True,3
249,lugia,pressure,False,1
249,lugia,multiscale,True,3
250,ho-oh,pressure,False,1
250,ho-oh,regenerator,True,3
251,celebi,natural-cure,False,1
252,treecko,overgrow,False,1
252,treecko,unburden,True,3
253,grovyle,overgrow,False,1
253,grovyle,unburden,True,3
254,sceptile,overgrow,False,1
254,sceptile,unburden,True,3
255,torchic,blaze,False,1
255,torchic,speed-boost,True,3
256,combusken,blaze,False,1
256,combusken,speed-boost,True,3
257,blaziken,blaze,False,1
257,blaziken,speed-boost,True,3
258,mudkip,torrent,False,1
258,mudkip,damp,True,3
259,marshtomp,torrent,False,1
259,marshtomp,damp,True,3
260,swampert,torrent,False,1
260,swampert,damp,True,3
261,poochyena,run-away,False,1
261,poochyena,quick-feet,False,2
261,poochyena,rattled,True,3
262,mightyena,intimidate,False,1
262,mightyena,quick-feet,False,2
262,mightyena,moxie,True,3
263,zigzagoon,pickup,False,1
263,zigzagoon,gluttony,False,2
263,zigzagoon,quick-feet,True,3
264,linoone,pickup,False,1
264,linoone,gluttony,False,2
264,linoone,quick-feet,True,3
265,wurmple,shield-dust,False,1
265,wurmple,run-away,True,3
266,silcoon,shed-skin,False,1
267,beautifly,swarm,False,1
267,beautifly,rivalry,True,3
268,cascoon,shed-skin,False,1
269,dustox,shield-dust,False,1
269,dustox,compound-eyes,True,3
270,lotad,swift-swim,False,1
270,lotad,rain-dish,False,2
270,lotad,own-tempo,True,3
271,lombre,swift-swim,False,1
271,lombre,rain-dish,False,2
271,lombre,own-tempo,True,3
272,ludicolo,swift-swim,False,1
272,ludicolo,rain-dish,False,2
272,ludicolo,own-tempo,True,3
273,seedot,chlorophyll,False,1
273,seedot,early-bird,False,2
273,seedot,pickpocket,True,3
274,nuzleaf,chlorophyll,False,1
274,nuzleaf,early-bird,False,2
274,nuzleaf,pickpocket,True,3
275,shiftry,chlorophyll,False,1
275,shiftry,wind-rider,False,2
275,shiftry,pickpocket,True,3
276,taillow,guts,False,1
276,taillow,scrappy,True,3
277,swellow,guts,False,1
277,swellow,scrappy,True,3
278,wingull,keen-eye,False,1
278,wingull,hydration,False,2
278,wingull,rain-dish,True,3
279,pelipper,keen-eye,False,1
279,pelipper,drizzle,False,2
279,pelipper,rain-dish,True,3
280,ralts,synchronize,False,1
280,ralts,trace,False,2
280,ralts,telepathy,True,3
281,kirlia,synchronize,False,1
281,kirlia,trace,False,2
281,kirlia,telepathy,True,3
282,gardevoir,synchronize,False,1
282,gardevoir,trace,False,2
282,gardevoir,telepathy,True,3
283,surskit,swift-swim,False,1
283,surskit,rain-dish,True,3
284,masquerain,intimidate,False,1
284,masquerain,unnerve,True,3
285,shroomish,effect-spore,False,1
285,shroomish,poison-heal,False,2
285,shroomish,quick-feet,True,3
286,breloom,effect-spore,False,1
286,breloom,poison-heal,False,2
286,breloom,technician,True,3
287,slakoth,truant,False,1
288,vigoroth,vital-spirit,False,1
289,slaking,truant,False,1
290,nincada,compound-eyes,False,1
290,nincada,run-away,True,3
291,ninjask,speed-boost,False,1
291,ninjask,infiltrator,True,3
292,shedinja,wonder-guard,False,1
293,whismur,soundproof,False,1
293,whismur,rattled,True,3
294,loudred,soundproof,False,1
294,loudred,scrappy,True,3
295,exploud,soundproof,False,1
295,exploud,scrappy,True,3
296,makuhita,thick-fat,False,1
296,makuhita,guts,False,2
296,makuhita,sheer-force,True,3
297,hariyama,thick-fat,False,1
297,hariyama,guts,False,2
297,hariyama,sheer-force,True,3
298,azurill,thick-fat,False,1
298,azurill,huge-power,False,2
298,azurill,sap-sipper,True,3
299,nosepass,sturdy,False,1
299,nosepass,magnet-pull,False,2
299,nosepass,sand-force,True,3
300,skitty,cute-charm,False,1
300,skitty,normalize,False,2
300,skitty,wonder-skin,True,3
301,delcatty,cute-charm,False,1
301,delcatty,normalize,False,2
301,delcatty,wonder-skin,True,3
302,sableye,keen-eye,False,1
302,sableye,stall,False,2
302,sableye,prankster,True,3
303,mawile,hyper-cutter,False,1
303,mawile,intimidate,False,2
303,mawile,sheer-force,True,3
304,aron,sturdy,False,1
304,aron,rock-head,False,2
304,aron,heavy-metal,True,3
305,lairon,sturdy,False,1
305,lairon,rock-head,False,2
305,lairon,heavy-metal,True,3
306,aggron,sturdy,False,1
306,aggron,rock-head,False,2
306,aggron,heavy-metal,True,3
307,meditite,pure-power,False,1
307,meditite,telepathy,True,3
308,medicham,pure-power,False,1
308,medicham,telepathy,True,3
309,electrike,static,False,1
309,electrike,lightning-rod,False,2
309,electrike,minus,True,3
310,manectric,static,False,1
310,manectric,lightning-rod,False,2
310,manectric,minus,True,3
311,plusle,plus,False,1
311,plusle,lightning-rod,True,3
312,minun,minus,False,1
312,minun,volt-absorb,True,3
313,volbeat,illuminate,False,1
313,volbeat,swarm,False,2
313,volbeat,prankster,True,3
314,illumise,oblivious,False,1
314,illumise,tinted-lens,False,2
314,illumise,prankster,True,3
315,roselia,natural-cure,False,1
315,roselia,poison-point,False,2
315,roselia,leaf-guard,True,3
316,gulpin,liquid-ooze,False,1
316,gulpin,sticky-hold,False,2
316,gulpin,gluttony,True,3
317,swalot,liquid-ooze,False,1
317,swalot,sticky-hold,False,2
317,swalot,gluttony,True,3
318,carvanha,rough-skin,False,1
318,carvanha,speed-boost,True,3
319,sharpedo,rough-skin,False,1
319,sharpedo,speed-boost,True,3
320,wailmer,water-veil,False,1
320,wailmer,oblivious,False,2
320,wailmer,pressure,True,3
321,wailord,water-veil,False,1
321,wailord,oblivious,False,2
321,wailord,pressure,True,3
322,numel,oblivious,False,1
322,numel,simple,False,2
322,numel,own-tempo,True,3
323,camerupt,magma-armor,False,1
323,camerupt,solid-rock,False,2
323,camerupt,anger-point,True,3
324,torkoal,white-smoke,False,1
324,torkoal,drought,False,2
324,torkoal,shell-armor,True,3
325,spoink,thick-fat,False,1
325,spoink,own-tempo,False,2
325,spoink,gluttony,True,3
326,grumpig,thick-fat,False,1
326,grumpig,own-tempo,False,2
326,grumpig,gluttony,True,3
327,spinda,own-tempo,False,1
327,spinda,tangled-feet,False,2
327,spinda,contrary,True,3
328,trapinch,hyper-cutter,False,1
328,trapinch,arena-trap,False,2
328,trapinch,sheer-force,True,3
329,vibrava,levitate,False,1
330,flygon,levitate,False,1
331,cacnea,sand-veil,False,1
331,cacnea,water-absorb,True,3
332,cacturne,sand-veil,False,1
332,cacturne,water-absorb,True,3
333,swablu,natural-cure,False,1
333,swablu,cloud-nine,True,3
334,altaria,natural-cure,False,1
334,altaria,cloud-nine,True,3
335,zangoose,immunity,False,1
335,zangoose,toxic-boost,True,3
336,seviper,shed-skin,False,1
336,seviper,infiltrator,True,3
337,lunatone,levitate,False,1
338,solrock,levitate,False,1
339,barboach,oblivious,False,1
339,barboach,anticipation,False,2
339,barboach,hydration,True,3
340,whiscash,oblivious,False,1
340,whiscash,anticipation,False,2
340,whiscash,hydration,True,3
341,corphish,hyper-cutter,False,1
341,corphish,shell-armor,False,2
341,corphish,adaptability,True,3
342,crawdaunt,hyper-cutter,False,1
342,crawdaunt,shell-armor,False,2
342,crawdaunt,adaptability,True,3
343,baltoy,levitate,False,1
344,claydol,levitate,False,1
345,lileep,suction-cups,False,1
345,lileep,storm-drain,True,3
346,cradily,suction-cups,False,1
346,cradily,storm-drain,True,3
347,anorith,battle-armor,False,1
347,anorith,swift-swim,True,3
348,armaldo,battle-armor,False,1
348,armaldo,swift-swim,True,3
349,feebas,swift-swim,False,1
349,feebas,oblivious,False,2
349,feebas,adaptability,True,3
350,milotic,marvel-scale,False,1
350,milotic,competitive,False,2
350,milotic,cute-charm,True,3
351,castform,forecast,False,1
352,kecleon,color-change,False,1
352,kecleon,protean,True,3
353,shuppet,insomnia,False,1
353,shuppet,frisk,False,2
353,shuppet,cursed-body,True,3
354,banette,insomnia,False,1
354,banette,frisk,False,2
354,banette,cursed-body,True,3
355,duskull,levitate,False,1
355,duskull,frisk,True,3
356,dusclops,pressure,False,1
356,dusclops,frisk,True,3
357,tropius,chlorophyll,False,1
357,tropius,solar-power,False,2
357,tropius,harvest,True,3
358,chimecho,levitate,False,1
359,absol,pressure,False,1
359,absol,super-luck,False,2
359,absol,justified,True,3
360,wynaut,shadow-tag,False,1
360,wynaut,telepathy,True,3
361,snorunt,inner-focus,False,1
361,snorunt,ice-body,False,2
361,snorunt,moody,True,3
362,glalie,inner-focus,False,1
362,glalie,ice-body,False,2
362,glalie,moody,True,3
363,spheal,thick-fat,False,1
363,spheal,ice-body,False,2
363,spheal,oblivious,True,3
364,sealeo,thick-fat,False,1
364,sealeo,ice-body,False,2
364,sealeo,oblivious,True,3
365,walrein,thick-fat,False,1
365,walrein,ice-body,False,2
365,walrein,oblivious,True,3
366,clamperl,shell-armor,False,1
366,clamperl,rattled,True,3
367,huntail,swift-swim,False,1
367,huntail,water-veil,True,3
368,gorebyss,swift-swim,False,1
368,gorebyss,hydration,True,3
369,relicanth,swift-swim,False,1
369,relicanth,rock-head,False,2
369,relicanth,sturdy,True,3
370,luvdisc,swift-swim,False,1
370,luvdisc,hydration,True,3
371,bagon,rock-head,False,1
371,bagon,sheer-force,True,3
372,shelgon,rock-head,False,1
372,shelgon,overcoat,True,3
373,salamence,intimidate,False,1
373,salamence,moxie,True,3
374,beldum,clear-body,False,1
374,beldum,light-metal,True,3
375,metang,clear-body,False,1
375,metang,light-metal,True,3
376,metagross,clear-body,False,1
376,metagross,light-metal,True,3
377,regirock,clear-body,False,1
377,regirock,sturdy,True,3
378,regice,clear-body,False,1
378,regice,ice-body,True,3
379,registeel,clear-body,False,1
379,registeel,light-metal,True,3
380,latias,levitate,False,1
381,latios,levitate,False,1
382,kyogre,drizzle,False,1
383,groudon,drought,False,1
384,rayquaza,air-lock,False,1
385,jirachi,serene-grace,False,1
386,deoxys-normal,pressure,False,1
387,turtwig,overgrow,False,1
387,turtwig,shell-armor,True,3
388,grotle,overgrow,False,1
388,grotle,shell-armor,True,3
389,torterra,overgrow,False,1
389,torterra,shell-armor,True,3
390,chimchar,blaze,False,1
390,chimchar,iron-fist,True,3
391,monferno,blaze,False,1
391,monferno,iron-fist,True,3
392,infernape,blaze,False,1
392,infernape,iron-fist,True,3
393,piplup,torrent,False,1
393,piplup,competitive,True,3
394,prinplup,torrent,False,1
394,prinplup,competitive,True,3
395,empoleon,torrent,False,1
395,empoleon,competitive,True,3
396,starly,keen-eye,False,1
396,starly,reckless,True,3
397,staravia,intimidate,False,1
397,staravia,reckless,True,3
398,staraptor,intimidate,False,1
398,staraptor,reckless,True,3
399,bidoof,simple,False,1
399,bidoof,unaware,False,2
399,bidoof,moody,True,3
400,bibarel,simple,False,1
400,bibarel,unaware,False,2
400,bibarel,moody,True,3
401,kricketot,shed-skin,False,1
401,kricketot,run-away,True,3
402,kricketune,swarm,False,1
402,kricketune,technician,True,3
403,shinx,rivalry,False,1
403,shinx,intimidate,False,2
403,shinx,guts,True,3
404,luxio,rivalry,False,1
404,luxio,intimidate,False,2
404,luxio,guts,True,3
405,luxray,rivalry,False,1
405,luxray,intimidate,False,2
405,luxray,guts,True,3
406,budew,natural-cure,False,1
406,budew,poison-point,False,2
406,budew,leaf-guard,True,3
407,roserade,natural-cure,False,1
407,roserade,poison-point,False,2
407,roserade,technician,True,3
408,cranidos,mold-breaker,False,1
408,cranidos,sheer-force,True,3
409,rampardos,mold-breaker,False,1
409,rampardos,sheer-force,True,3
410,shieldon,sturdy,False,1
410,shieldon,soundproof,True,3
411,bastiodon,sturdy,False,1
411,bastiodon,soundproof,True,3
412,burmy,shed-skin,False,1
412,burmy,overcoat,True,3
413,wormadam-plant,anticipation,False,1
413,wormadam-plant,overcoat,True,3
414,mothim,swarm,False,1
414,mothim,tinted-lens,True,3
415,combee,honey-gather,False,1
415,combee,hustle,True,3
416,vespiquen,pressure,False,1
416,vespiquen,unnerve,True,3
417,pachirisu,run-away,False,1
417,pachirisu,pickup,False,2
417,pachirisu,volt-absorb,True,3
418,buizel,swift-swim,False,1
418,buizel,water-veil,True,3
419,floatzel,swift-swim,False,1
419,floatzel,water-veil,True,3
420,cherubi,chlorophyll,False,1
421,cherrim,flower-gift,False,1
422,shellos,sticky-hold,False,1
422,shellos,storm-drain,False,2
422,shellos,sand-force,True,3
423,gastrodon,sticky-hold,False,1
423,gastrodon,storm-drain,False,2
423,gastrodon,sand-force,True,3
424,ambipom,technician,False,1
424,ambipom,pickup,False,2
424,ambipom,skill-link,True,3
425,drifloon,aftermath,False,1
425,drifloon,unburden,False,2
425,drifloon,flare-boost,True,3
426,drifblim,aftermath,False,1
426,drifblim,unburden,False,2
426,drifblim,flare-boost,True,3
427,buneary,run-away,False,1
427,buneary,klutz,False,2
427,buneary,limber,True,3
428,lopunny,cute-charm,False,1
428,lopunny,klutz,False,2
428,lopunny,limber,True,3
429,mismagius,levitate,False,1
430,honchkrow,insomnia,False,1
430,honchkrow,super-luck,False,2
430,honchkrow,moxie,True,3
431,glameow,limber,False,1
431,glameow,own-tempo,False,2
431,glameow,keen-eye,True,3
432,purugly,thick-fat,False,1
432,purugly,own-tempo,False,2
432,purugly,defiant,True,3
433,chingling,levitate,False,1
434,stunky,stench,False,1
434,stunky,aftermath,False,2
434,stunky,keen-eye,True,3
435,skuntank,stench,False,1
435,skuntank,aftermath,False,2
435,skuntank,keen-eye,True,3
436,bronzor,levitate,False,1
436,bronzor,heatproof,False,2
436,bronzor,heavy-metal,True,3
437,bronzong,levitate,False,1
437,bronzong,heatproof,False,2
437,bronzong,heavy-metal,True,3
438,bonsly,sturdy,False,1
438,bonsly,rock-head,False,2
438,bonsly,rattled,True,3
439,mime-jr,soundproof,False,1
439,mime-jr,filter,False,2
439,mime-jr,technician,True,3
440,happiny,natural-cure,False,1
440,happiny,serene-grace,False,2
440,happiny,friend-guard,True,3
441,chatot,keen-eye,False,1
441,chatot,tangled-feet,False,2
441,chatot,big-pecks,True,3
442,spiritomb,pressure,False,1
442,spiritomb,infiltrator,True,3
443,gible,sand-veil,False,1
443,gible,rough-skin,True,3
444,gabite,sand-veil,False,1
444,gabite,rough-skin,True,3
445,garchomp,sand-veil,False,1
445,garchomp,rough-skin,True,3
446,munchlax,pickup,False,1
446,munchlax,thick-fat,False,2
446,munchlax,gluttony,True,3
447,riolu,steadfast,False,1
447,riolu,inner-focus,False,2
447,riolu,prankster,True,3
448,lucario,steadfast,False,1
448,lucario,inner-focus,False,2
448,lucario,justified,True,3
449,hippopotas,sand-stream,False,1
449,hippopotas,sand-force,True,3
450,hippowdon,sand-stream,False,1
450,hippowdon,sand-force,True,3
451,skorupi,battle-armor,False,1
451,skorupi,sniper,False,2
451,skorupi,keen-eye,True,3
452,drapion,battle-armor,False,1
452,drapion,sniper,False,2
452,drapion,keen-eye,True,3
453,croagunk,anticipation,False,1
453,croagunk,dry-skin,False,2
453,croagunk,poison-touch,True,3
454,toxicroak,anticipation,False,1
454,toxicroak,dry-skin,False,2
454,toxicroak,poison-touch,True,3
455,carnivine,levitate,False,1
456,finneon,swift-swim,False,1
456,finneon,storm-drain,False,2
456,finneon,water-veil,True,3
457,lumineon,swift-swim,False,1
457,lumineon,storm-drain,False,2
457,lumineon,water-veil,True,3
458,mantyke,swift-swim,False,1
458,mantyke,water-absorb,False,2
458,mantyke,water-veil,True,3
459,snover,snow-warning,False,1
459,snover,soundproof,True,3
460,abomasnow,snow-warning,False,1
460,abomasnow,soundproof,True,3
461,weavile,pressure,False,1
461,weavile,pickpocket,True,3
462,magnezone,magnet-pull,False,1
462,magnezone,sturdy,False,2
462,magnezone,analytic,True,3
463,lickilicky,own-tempo,False,1
463,lickilicky,oblivious,False,2
463,lickilicky,cloud-nine,True,3
464,rhyperior,lightning-rod,False,1
464,rhyperior,solid-rock,False,2
464,rhyperior,reckless,True,3
465,tangrowth,chlorophyll,False,1
465,tangrowth,leaf-guard,False,2
465,tangrowth,regenerator,True,3
466,electivire,motor-drive,False,1
466,electivire,vital-spirit,True,3
467,magmortar,flame-body,False,1
467,magmortar,vital-spirit,True,3
468,togekiss,hustle,False,1
468,togekiss,serene-grace,False,2
468,togekiss,super-luck,True,3
469,yanmega,speed-boost,False,1
469,yanmega,tinted-lens,False,2
469,yanmega,frisk,True,3
470,leafeon,leaf-guard,False,1
470,leafeon,chlorophyll,True,3
471,glaceon,snow-cloak,False,1
471,glaceon,ice-body,True,3
472,gliscor,hyper-cutter,False,1
472,gliscor,sand-veil,False,2
472,gliscor,poison-heal,True,3
473,mamoswine,oblivious,False,1
473,mamoswine,snow-cloak,False,2
473,mamoswine,thick-fat,True,3
474,porygon-z,adaptability,False,1
474,porygon-z,download,False,2
474,porygon-z,analytic,True,3
475,gallade,steadfast,False,1
475,gallade,sharpness,False,2
475,gallade,justified,True,3
476,probopass,sturdy,False,1
476,probopass,magnet-pull,False,2
476,probopass,sand-force,True,3
477,dusknoir,pressure,False,1
477,dusknoir,frisk,True,3
478,froslass,snow-cloak,False,1
478,froslass,cursed-body,True,3
479,rotom,levitate,False,1
480,uxie,levitate,False,1
481,mesprit,levitate,False,1
482,azelf,levitate,False,1
483,dialga,pressure,False,1
483,dialga,telepathy,True,3
484,palkia,pressure,False,1
484,palkia,telepathy,True,3
485,heatran,flash-fire,False,1
485,heatran,flame-body,True,3
486,regigigas,slow-start,False,1
487,giratina-altered,pressure,False,1
487,giratina-altered,telepathy,True,3
488,cresselia,levitate,False,1
489,phione,hydration,False,1
490,manaphy,hydration,False,1
491,darkrai,bad-dreams,False,1
492,shaymin-land,natural-cure,False,1
493,arceus,multitype,False,1
494,victini,victory-star,False,1
495,snivy,overgrow,False,1
495,snivy,contrary,True,3
496,servine,overgrow,False,1
496,servine,contrary,True,3
497,serperior,overgrow,False,1
497,serperior,contrary,True,3
498,tepig,blaze,False,1
498,tepig,thick-fat,True,3
499,pignite,blaze,False,1
499,pignite,thick-fat,True,3
500,emboar,blaze,False,1
500,emboar,reckless,True,3
501,oshawott,torrent,False,1
501,oshawott,shell-armor,True,3
502,dewott,torrent,False,1
502,dewott,shell-armor,True,3
503,samurott,torrent,False,1
503,samurott,shell-armor,True,3
504,patrat,run-away,False,1
504,patrat,keen-eye,False,2
504,patrat,analytic,True,3
505,watchog,illuminate,False,1
505,watchog,keen-eye,False,2
505,watchog,analytic,True,3
506,lillipup,vital-spirit,False,1
506,lillipup,pickup,False,2
506,lillipup,run-away,True,3
507,herdier,intimidate,False,1
507,herdier,sand-rush,False,2
507,herdier,scrappy,True,3
508,stoutland,intimidate,False,1
508,stoutland,sand-rush,False,2
508,stoutland,scrappy,True,3
509,purrloin,limber,False,1
509,purrloin,unburden,False,2
509,purrloin,prankster,True,3
510,liepard,limber,False,1
510,liepard,unburden,False,2
510,liepard,prankster,True,3
511,pansage,gluttony,False,1
511,pansage,overgrow,True,3
512,simisage,gluttony,False,1
512,simisage,overgrow,True,3
513,pansear,gluttony,False,1
513,pansear,blaze,True,3
514,simisear,gluttony,False,1
514,simisear,blaze,True,3
515,panpour,gluttony,False,1
515,panpour,torrent,True,3
516,simipour,gluttony,False,1
516,simipour,torrent,True,3
517,munna,forewarn,False,1
517,munna,synchronize,False,2
517,munna,telepathy,True,3
518,musharna,forewarn,False,1
518,musharna,synchronize,False,2
518,musharna,telepathy,True,3
519,pidove,big-pecks,False,1
519,pidove,super-luck,False,2
519,pidove,rivalry,True,3
520,tranquill,big-pecks,False,1
520,tranquill,super-luck,False,2
520,tranquill,rivalry,True,3
521,unfezant,big-pecks,False,1
521,unfezant,super-luck,False,2
521,unfezant,rivalry,True,3
522,blitzle,lightning-rod,False,1
522,blitzle,motor-drive,False,2
522,blitzle,sap-sipper,True,3
523,zebstrika,lightning-rod,False,1
523,zebstrika,motor-drive,False,2
523,zebstrika,sap-sipper,True,3
524,roggenrola,sturdy,False,1
524,roggenrola,weak-armor,False,2
524,roggenrola,sand-force,True,3
525,boldore,sturdy,False,1
525,boldore,weak-armor,False,2
525,boldore,sand-force,True,3
526,gigalith,sturdy,False,1
526,gigalith,sand-stream,False,2
526,gigalith,sand-force,True,3
527,woobat,unaware,False,1
527,woobat,klutz,False,2
527,woobat,simple,True,3
528,swoobat,unaware,False,1
528,swoobat,klutz,False,2
528,swoobat,simple,True,3
529,drilbur,sand-rush,False,1
529,drilbur,sand-force,False,2
529,drilbur,mold-breaker,True,3
530,excadrill,sand-rush,False,1
530,excadrill,sand-force,False,2
530,excadrill,mold-breaker,True,3
531,audino,healer,False,1
531,audino,regenerator,False,2
531,audino,klutz,True,3
532,timburr,guts,False,1
532,timburr,sheer-force,False,2
532,timburr,iron-fist,True,3
533,gurdurr,guts,False,1
533,gurdurr,sheer-force,False,2
533,gurdurr,iron-fist,True,3
534,conkeldurr,guts,False,1
534,conkeldurr,sheer-force,False,2
534,conkeldurr,iron-fist,True,3
535,tympole,swift-swim,False,1
535,tympole,hydration,False,2
535,tympole,water-absorb,True,3
536,palpitoad,swift-swim,False,1
536,palpitoad,hydration,False,2
536,palpitoad,water-absorb,True,3
537,seismitoad,swift-swim,False,1
537,seismitoad,poison-touch,False,2
537,seismitoad,water-absorb,True,3
538,throh,guts,False,1
538,throh,inner-focus,False,2
538,throh,mold-breaker,True,3
539,sawk,sturdy,False,1
539,sawk,inner-focus,False,2
539,sawk,mold-breaker,True,3
540,sewaddle,swarm,False,1
540,sewaddle,chlorophyll,False,2
540,sewaddle,overcoat,True,3
541,swadloon,leaf-guard,False,1
541,swadloon,chlorophyll,False,2
541,swadloon,overcoat,True,3
542,leavanny,swarm,False,1
542,leavanny,chlorophyll,False,2
542,leavanny,overcoat,True,3
543,venipede,poison-point,False,1
543,venipede,swarm,False,2
543,venipede,speed-boost,True,3
544,whirlipede,poison-point,False,1
544,whirlipede,swarm,False,2
544,whirlipede,speed-boost,True,3
545,scolipede,poison-point,False,1
545,scolipede,swarm,False,2
545,scolipede,speed-boost,True,3
546,cottonee,prankster,False,1
546,cottonee,infiltrator,False,2
546,cottonee,chlorophyll,True,3
547,whimsicott,prankster,False,1
547,whimsicott,infiltrator,False,2
547,whimsicott,chlorophyll,True,3
548,petilil,chlorophyll,False,1
548,petilil,own-tempo,False,2
548,petilil,leaf-guard,True,3
549,lilligant,chlorophyll,False,1
549,lilligant,own-tempo,False,2
549,lilligant,leaf-guard,True,3
550,basculin-red-striped,reckless,False,1
550,basculin-red-striped,adaptability,False,2
550,basculin-red-striped,mold-breaker,True,3
551,sandile,intimidate,False,1
551,sandile,moxie,False,2
551,sandile,anger-point,True,3
552,krokorok,intimidate,False,1
552,krokorok,moxie,False,2
552,krokorok,anger-point,True,3
553,krookodile,intimidate,False,1
553,krookodile,moxie,False,2
553,krookodile,anger-point,True,3
554,darumaka,hustle,False,1
554,darumaka,inner-focus,True,3
555,darmanitan-standard,sheer-force,False,1
555,darmanitan-standard,zen-mode,True,3
556,maractus,water-absorb,False,1
556,maractus,chlorophyll,False,2
556,maractus,storm-drain,True,3
557,dwebble,sturdy,False,1
557,dwebble,shell-armor,False,2
557,dwebble,weak-armor,True,3
558,crustle,sturdy,False,1
558,crustle,shell-armor,False,2
558,crustle,weak-armor,True,3
559,scraggy,shed-skin,False,1
559,scraggy,moxie,False,2
559,scraggy,intimidate,True,3
560,scrafty,shed-skin,False,1
560,scrafty,moxie,False,2
560,scrafty,intimidate,True,3
561,sigilyph,wonder-skin,False,1
561,sigilyph,magic-guard,False,2
561,sigilyph,tinted-lens,True,3
562,yamask,mummy,False,1
563,cofagrigus,mummy,False,1
564,tirtouga,solid-rock,False,1
564,tirtouga,sturdy,False,2
564,tirtouga,swift-swim,True,3
565,carracosta,solid-rock,False,1
565,carracosta,sturdy,False,2
565,carracosta,swift-swim,True,3
566,archen,defeatist,False,1
567,archeops,defeatist,False,1
568,trubbish,stench,False,1
568,trubbish,sticky-hold,False,2
568,trubbish,aftermath,True,3
569,garbodor,stench,False,1
569,garbodor,weak-armor,False,2
569,garbodor,aftermath,True,3
570,zorua,illusion,False,1
571,zoroark,illusion,False,1
572,minccino,cute-charm,False,1
572,minccino,technician,False,2
572,minccino,skill-link,True,3
573,cinccino,cute-charm,False,1
573,cinccino,technician,False,2
573,cinccino,skill-link,True,3
574,gothita,frisk,False,1
574,gothita,competitive,False,2
574,gothita,shadow-tag,True,3
575,gothorita,frisk,False,1
575,gothorita,competitive,False,2
575,gothorita,shadow-tag,True,3
576,gothitelle,frisk,False,1
576,gothitelle,competitive,False,2
576,gothitelle,shadow-tag,True,3
577,solosis,overcoat,False,1
577,solosis,magic-guard,False,2
577,solosis,regenerator,True,3
578,duosion,overcoat,False,1
578,duosion,magic-guard,False,2
578,duosion,regenerator,True,3
579,reuniclus,overcoat,False,1
579,reuniclus,magic-guard,False,2
579,reuniclus,regenerator,True,3
580,ducklett,keen-eye,False,1
580,ducklett,big-pecks,False,2
580,ducklett,hydration,True,3
581,swanna,keen-eye,False,1
581,swanna,big-pecks,False,2
581,swanna,hydration,True,3
582,vanillite,ice-body,False,1
582,vanillite,snow-cloak,False,2
582,vanillite,weak-armor,True,3
583,vanillish,ice-body,False,1
583,vanillish,snow-cloak,False,2
583,vanillish,weak-armor,True,3
584,vanilluxe,ice-body,False,1
584,vanilluxe,snow-warning,False,2
584,vanilluxe,weak-armor,True,3
585,deerling,chlorophyll,False,1
585,deerling,sap-sipper,False,2
585,deerling,serene-grace,True,3
586,sawsbuck,chlorophyll,False,1
586,sawsbuck,sap-sipper,False,2
586,sawsbuck,serene-grace,True,3
587,emolga,static,False,1
587,emolga,motor-drive,True,3
588,karrablast,swarm,False,1
588,karrablast,shed-skin,False,2
588,karrablast,no-guard,True,3
589,escavalier,swarm,False,1
589,escavalier,shell-armor,False,2
589,escavalier,overcoat,True,3
590,foongus,effect-spore,False,1
590,foongus,regenerator,True,3
591,amoonguss,effect-spore,False,1
591,amoonguss,regenerator,True,3
592,frillish-male,water-absorb,False,1
592,frillish-male,cursed-body,False,2
592,frillish-male,damp,True,3
593,jellicent-male,water-absorb,False,1
593,jellicent-male,cursed-body,False,2
593,jellicent-male,damp,True,3
594,alomomola,healer,False,1
594,alomomola,hydration,False,2
594,alomomola,regenerator,True,3
595,joltik,compound-eyes,False,1
595,joltik,unnerve,False,2
595,joltik,swarm,True,3
596,galvantula,compound-eyes,False,1
596,galvantula,unnerve,False,2
596,galvantula,swarm,True,3
597,ferroseed,iron-barbs,False,1
598,ferrothorn,iron-barbs,False,1
598,ferrothorn,anticipation,True,3
599,klink,plus,False,1
599,klink,minus,False,2
599,klink,clear-body,True,3
600,klang,plus,False,1
600,klang,minus,False,2
600,klang,clear-body,True,3
601,klinklang,plus,False,1
601,klinklang,minus,False,2
601,klinklang,clear-body,True,3
602,tynamo,levitate,False,1
603,eelektrik,levitate,False,1
604,eelektross,levitate,False,1
605,elgyem,telepathy,False,1
605,elgyem,synchronize,False,2
605,elgyem,analytic,True,3
606,beheeyem,telepathy,False,1
606,beheeyem,synchronize,False,2
606,beheeyem,analytic,True,3
607,litwick,flash-fire,False,1
607,litwick,flame-body,False,2
607,litwick,infiltrator,True,3
608,lampent,flash-fire,False,1
608,lampent,flame-body,False,2
608,lampent,infiltrator,True,3
609,chandelure,flash-fire,False,1
609,chandelure,flame-body,False,2
609,chandelure,infiltrator,True,3
610,axew,rivalry,False,1
610,axew,mold-breaker,False,2
610,axew,unnerve,True,3
611,fraxure,rivalry,False,1
611,fraxure,mold-breaker,False,2
611,fraxure,unnerve,True,3
612,haxorus,rivalry,False,1
612,haxorus,mold-breaker,False,2
612,haxorus,unnerve,True,3
613,cubchoo,snow-cloak,False,1
613,cubchoo,slush-rush,False,2
613,cubchoo,rattled,True,3
614,beartic,snow-cloak,False,1
614,beartic,slush-rush,False,2
614,beartic,swift-swim,True,3
615,cryogonal,levitate,False,1
616,shelmet,hydration,False,1
616,shelmet,shell-armor,False,2
616,shelmet,overcoat,True,3
617,accelgor,hydration,False,1
617,accelgor,sticky-hold,False,2
617,accelgor,unburden,True,3
618,stunfisk,static,False,1
618,stunfisk,limber,False,2
618,stunfisk,sand-veil,True,3
619,mienfoo,inner-focus,False,1
619,mienfoo,regenerator,False,2
619,mienfoo,reckless,True,3
620,mienshao,inner-focus,False,1
620,mienshao,regenerator,False,2
620,mienshao,reckless,True,3
621,druddigon,rough-skin,False,1
621,druddigon,sheer-force,False,2
621,druddigon,mold-breaker,True,3
622,golett,iron-fist,False,1
622,golett,klutz,False,2
622,golett,no-guard,True,3
623,golurk,iron-fist,False,1
623,golurk,klutz,False,2
623,golurk,no-guard,True,3
624,pawniard,defiant,False,1
624,pawniard,inner-focus,False,2
624,pawniard,pressure,True,3
625,bisharp,defiant,False,1
625,bisharp,inner-focus,False,2
625,bisharp,pressure,True,3
626,bouffalant,reckless,False,1
626,bouffalant,sap-sipper,False,2
626,bouffalant,soundproof,True,3
627,rufflet,keen-eye,False,1
627,rufflet,sheer-force,False,2
627,rufflet,hustle,True,3
628,braviary,keen-eye,False,1
628,braviary,sheer-force,False,2
628,braviary,defiant,True,3
629,vullaby,big-pecks,False,1
629,vullaby,overcoat,False,2
629,vullaby,weak-armor,True,3
630,mandibuzz,big-pecks,False,1
630,mandibuzz,overcoat,False,2
630,mandibuzz,weak-armor,True,3
631,heatmor,gluttony,False,1
631,heatmor,flash-fire,False,2
631,heatmor,white-smoke,True,3
632,durant,swarm,False,1
632,durant,hustle,False,2
632,durant,truant,True,3
633,deino,hustle,False,1
634,zweilous,hustle,False,1
635,hydreigon,levitate,False,1
636,larvesta,flame-body,False,1
636,larvesta,swarm,True,3
637,volcarona,flame-body,False,1
637,volcarona,swarm,True,3
638,cobalion,justified,False,1
639,terrakion,justified,False,1
640,virizion,justified,False,1
641,tornadus-incarnate,prankster,False,1
641,tornadus-incarnate,defiant,True,3
642,thundurus-incarnate,prankster,False,1
642,thundurus-incarnate,defiant,True,3
643,reshiram,turboblaze,False,1
644,zekrom,teravolt,False,1
645,landorus-incarnate,sand-force,False,1
645,landorus-incarnate,sheer-force,True,3
646,kyurem,pressure,False,1
647,keldeo-ordinary,justified,False,1
648,meloetta-aria,serene-grace,False,1
649,genesect,download,False,1
650,chespin,overgrow,False,1
650,chespin,bulletproof,True,3
651,quilladin,overgrow,False,1
651,quilladin,bulletproof,True,3
652,chesnaught,overgrow,False,1
652,chesnaught,bulletproof,True,3
653,fennekin,blaze,False,1
653,fennekin,magician,True,3
654,braixen,blaze,False,1
654,braixen,magician,True,3
655,delphox,blaze,False,1
655,delphox,magician,True,3
656,froakie,torrent,False,1
656,froakie,protean,True,3
657,frogadier,torrent,False,1
657,frogadier,protean,True,3
658,greninja,torrent,False,1
658,greninja,protean,True,3
659,bunnelby,pickup,False,1
659,bunnelby,cheek-pouch,False,2
659,bunnelby,huge-power,True,3
660,diggersby,pickup,False,1
660,diggersby,cheek-pouch,False,2
660,diggersby,huge-power,True,3
661,fletchling,big-pecks,False,1
661,fletchling,gale-wings,True,3
662,fletchinder,flame-body,False,1
662,fletchinder,gale-wings,True,3
663,talonflame,flame-body,False,1
663,talonflame,gale-wings,True,3
664,scatterbug,shield-dust,False,1
664,scatterbug,compound-eyes,False,2
664,scatterbug,friend-guard,True,3
665,spewpa,shed-skin,False,1
665,spewpa,friend-guard,True,3
666,vivillon,shield-dust,False,1
666,vivillon,compound-eyes,False,2
666,vivillon,friend-guard,True,3
667,litleo,rivalry,False,1
667,litleo,unnerve,False,2
667,litleo,moxie,True,3
668,pyroar-male,rivalry,False,1
668,pyroar-male,unnerve,False,2
668,pyroar-male,moxie,True,3
669,flabebe,flower-veil,False,1
669,flabebe,symbiosis,True,3
670,floette,flower-veil,False,1
670,floette,symbiosis,True,3
671,florges,flower-veil,False,1
671,florges,symbiosis,True,3
672,skiddo,sap-sipper,False,1
672,skiddo,grass-pelt,True,3
673,gogoat,sap-sipper,False,1
673,gogoat,grass-pelt,True,3
674,pancham,iron-fist,False,1
674,pancham,mold-breaker,False,2
674,pancham,scrappy,True,3
675,pangoro,iron-fist,False,1
675,pangoro,mold-breaker,False,2
675,pangoro,scrappy,True,3
676,furfrou,fur-coat,False,1
677,espurr,keen-eye,False,1
677,espurr,infiltrator,False,2
677,espurr,own-tempo,True,3
678,meowstic-male,keen-eye,False,1
678,meowstic-male,infiltrator,False,2
678,meowstic-male,prankster,True,3
679,honedge,no-guard,False,1
680,doublade,no-guard,False,1
681,aegislash-shield,stance-change,False,1
682,spritzee,healer,False,1
682,spritzee,aroma-veil,True,3
683,aromatisse,healer,False,1
683,aromatisse,aroma-veil,True,3
684,swirlix,sweet-veil,False,1
684,swirlix,unburden,True,3
685,slurpuff,sweet-veil,False,1
685,slurpuff,unburden,True,3
686,inkay,contrary,False,1
686,inkay,suction-cups,False,2
686,inkay,infiltrator,True,3
687,malamar,contrary,False,1
687,malamar,suction-cups,False,2
687,malamar,infiltrator,True,3
688,binacle,tough-claws,False,1
688,binacle,sniper,False,2
688,binacle,pickpocket,True,3
689,barbaracle,tough-claws,False,1
689,barbaracle,sniper,False,2
689,barbaracle,pickpocket,True,3
690,skrelp,poison-point,False,1
690,skrelp,poison-touch,False,2
690,skrelp,adaptability,True,3
691,dragalge,poison-point,False,1
691,dragalge,poison-touch,False,2
691,dragalge,adaptability,True,3
692,clauncher,mega-launcher,False,1
693,clawitzer,mega-launcher,False,1
694,helioptile,dry-skin,False,1
694,helioptile,sand-veil,False,2
694,helioptile,solar-power,True,3
695,heliolisk,dry-skin,False,1
695,heliolisk,sand-veil,False,2
695,heliolisk,solar-power,True,3
696,tyrunt,strong-jaw,False,1
696,tyrunt,sturdy,True,3
697,tyrantrum,strong-jaw,False,1
697,tyrantrum,rock-head,True,3
698,amaura,refrigerate,False,1
698,amaura,snow-warning,True,3
699,aurorus,refrigerate,False,1
699,aurorus,snow-warning,True,3
700,sylveon,cute-charm,False,1
700,sylveon,pixilate,True,3
701,hawlucha,limber,False,1
701,hawlucha,unburden,False,2
701,hawlucha,mold-breaker,True,3
702,dedenne,cheek-pouch,False,1
702,dedenne,pickup,False,2
702,dedenne,plus,True,3
703,carbink,clear-body,False,1
703,carbink,sturdy,True,3
704,goomy,sap-sipper,False,1
704,goomy,hydration,False,2
704,goomy,gooey,True,3
705,sliggoo,sap-sipper,False,1
705,sliggoo,hydration,False,2
705,sliggoo,gooey,True,3
706,goodra,sap-sipper,False,1
706,goodra,hydration,False,2
706,goodra,gooey,True,3
707,klefki,prankster,False,1
707,klefki,magician,True,3
708,phantump,natural-cure,False,1
708,phantump,frisk,False,2
708,phantump,harvest,True,3
709,trevenant,natural-cure,False,1
709,trevenant,frisk,False,2
709,trevenant,harvest,True,3
710,pumpkaboo-average,pickup,False,1
710,pumpkaboo-average,frisk,False,2
710,pumpkaboo-average,insomnia,True,3
711,gourgeist-average,pickup,False,1
711,gourgeist-average,frisk,False,2
711,gourgeist-average,insomnia,True,3
712,bergmite,own-tempo,False,1
712,bergmite,ice-body,False,2
712,bergmite,sturdy,True,3
713,avalugg,own-tempo,False,1
713,avalugg,ice-body,False,2
713,avalugg,sturdy,True,3
714,noibat,frisk,False,1
714,noibat,infiltrator,False,2
714,noibat,telepathy,True,3
715,noivern,frisk,False,1
715,noivern,infiltrator,False,2
715,noivern,telepathy,True,3
716,xerneas,fairy-aura,False,1
717,yveltal,dark-aura,False,1
718,zygarde-50,aura-break,False,1
719,diancie,clear-body,False,1
720,hoopa,magician,False,1
721,volcanion,water-absorb,False,1
722,rowlet,overgrow,False,1
722,rowlet,long-reach,True,3
723,dartrix,overgrow,False,1
723,dartrix,long-reach,True,3
724,decidueye,overgrow,False,1
724,decidueye,long-reach,True,3
725,litten,blaze,False,1
725,litten,intimidate,True,3
726,torracat,blaze,False,1
726,torracat,intimidate,True,3
727,incineroar,blaze,False,1
727,incineroar,intimidate,True,3
728,popplio,torrent,False,1
728,popplio,liquid-voice,True,3
729,brionne,torrent,False,1
729,brionne,liquid-voice,True,3
730,primarina,torrent,False,1
730,primarina,liquid-voice,True,3
731,pikipek,keen-eye,False,1
731,pikipek,skill-link,False,2
731,pikipek,pickup,True,3
732,trumbeak,keen-eye,False,1
732,trumbeak,skill-link,False,2
732,trumbeak,pickup,True,3
733,toucannon,keen-eye,False,1
733,toucannon,skill-link,False,2
733,toucannon,sheer-force,True,3
734,yungoos,stakeout,False,1
734,yungoos,strong-jaw,False,2
734,yungoos,adaptability,True,3
735,gumshoos,stakeout,False,1
735,gumshoos,strong-jaw,False,2
735,gumshoos,adaptability,True,3
736,grubbin,swarm,False,1
737,charjabug,battery,False,1
738,vikavolt,levitate,False,1
739,crabrawler,hyper-cutter,False,1
739,crabrawler,iron-fist,False,2
739,crabrawler,anger-point,True,3
740,crabominable,hyper-cutter,False,1
740,crabominable,iron-fist,False,2
740,crabominable,anger-point,True,3
741,oricorio-baile,dancer,False,1
742,cutiefly,honey-gather,False,1
742,cutiefly,shield-dust,False,2
742,cutiefly,sweet-veil,True,3
743,ribombee,honey-gather,False,1
743,ribombee,shield-dust,False,2
743,ribombee,sweet-veil,True,3
744,rockruff,keen-eye,False,1
744,rockruff,vital-spirit,False,2
744,rockruff,steadfast,True,3
745,lycanroc-midday,keen-eye,False,1
745,lycanroc-midday,sand-rush,False,2
745,lycanroc-midday,steadfast,True,3
746,wishiwashi-solo,schooling,False,1
747,mareanie,merciless,False,1
747,mareanie,limber,False,2
747,mareanie,regenerator,True,3
748,toxapex,merciless,False,1
748,toxapex,limber,False,2
748,toxapex,regenerator,True,3
749,mudbray,own-tempo,False,1
749,mudbray,stamina,False,2
749,mudbray,inner-focus,True,3
750,mudsdale,own-tempo,False,1
750,mudsdale,stamina,False,2
750,mudsdale,inner-focus,True,3
751,dewpider,water-bubble,False,1
751,dewpider,water-absorb,True,3
752,araquanid,water-bubble,False,1
752,araquanid,water-absorb,True,3
753,fomantis,leaf-guard,False,1
753,fomantis,contrary,True,3
754,lurantis,leaf-guard,False,1
754,lurantis,contrary,True,3
755,morelull,illuminate,False,1
755,morelull,effect-spore,False,2
755,morelull,rain-dish,True,3
756,shiinotic,illuminate,False,1
756,shiinotic,effect-spore,False,2
756,shiinotic,rain-dish,True,3
757,salandit,corrosion,False,1
757,salandit,oblivious,True,3
758,salazzle,corrosion,False,1
758,salazzle,oblivious,True,3
759,stufful,fluffy,False,1
759,stufful,klutz,False,2
759,stufful,cute-charm,True,3
760,bewear,fluffy,False,1
760,bewear,klutz,False,2
760,bewear,unnerve,True,3
761,bounsweet,leaf-guard,False,1
761,bounsweet,oblivious,False,2
761,bounsweet,sweet-veil,True,3
762,steenee,leaf-guard,False,1
762,steenee,oblivious,False,2
762,steenee,sweet-veil,True,3
763,tsareena,leaf-guard,False,1
763,tsareena,queenly-majesty,False,2
763,tsareena,sweet-veil,True,3
764,comfey,flower-veil,False,1
764,comfey,triage,False,2
764,comfey,natural-cure,True,3
765,oranguru,inner-focus,False,1
765,oranguru,telepathy,False,2
765,oranguru,symbiosis,True,3
766,passimian,receiver,False,1
766,passimian,defiant,True,3
767,wimpod,wimp-out,False,1
768,golisopod,emergency-exit,False,1
769,sandygast,water-compaction,False,1
769,sandygast,sand-veil,True,3
770,palossand,water-compaction,False,1
770,palossand,sand-veil,True,3
771,pyukumuku,innards-out,False,1
771,pyukumuku,unaware,True,3
772,type-null,battle-armor,False,1
773,silvally,rks-system,False,1
774,minior-red-meteor,shields-down,False,1
775,komala,comatose,False,1
776,turtonator,shell-armor,False,1
777,togedemaru,iron-barbs,False,1
777,togedemaru,lightning-rod,False,2
777,togedemaru,sturdy,True,3
778,mimikyu-disguised,disguise,False,1
779,bruxish,dazzling,False,1
779,bruxish,strong-jaw,False,2
779,bruxish,wonder-skin,True,3
780,drampa,berserk,False,1
780,drampa,sap-sipper,False,2
780,drampa,cloud-nine,True,3
781,dhelmise,steelworker,False,1
782,jangmo-o,bulletproof,False,1
782,jangmo-o,soundproof,False,2
782,jangmo-o,overcoat,True,3
783,hakamo-o,bulletproof,False,1
783,hakamo-o,soundproof,False,2
783,hakamo-o,overcoat,True,3
784,kommo-o,bulletproof,False,1
784,kommo-o,soundproof,False,2
784,kommo-o,overcoat,True,3
785,tapu-koko,electric-surge,False,1
785,tapu-koko,telepathy,True,3
786,tapu-lele,psychic-surge,False,1
786,tapu-lele,telepathy,True,3
787,tapu-bulu,grassy-surge,False,1
787,tapu-bulu,telepathy,True,3
788,tapu-fini,misty-surge,False,1
788,tapu-fini,telepathy,True,3
789,cosmog,unaware,False,1
790,cosmoem,sturdy,False,1
791,solgaleo,full-metal-body,False,1
792,lunala,shadow-shield,False,1
793,nihilego,beast-boost,False,1
794,buzzwole,beast-boost,False,1
795,pheromosa,beast-boost,False,1
796,xurkitree,beast-boost,False,1
797,celesteela,beast-boost,False,1
798,kartana,beast-boost,False,1
799,guzzlord,beast-boost,False,1
800,necrozma,prism-armor,False,1
801,magearna,soul-heart,False,1
802,marshadow,technician,False,1
803,poipole,beast-boost,False,1
804,naganadel,beast-boost,False,1
805,stakataka,beast-boost,False,1
806,blacephalon,beast-boost,False,1
807,zeraora,volt-absorb,False,1
808,meltan,magnet-pull,False,1
809,melmetal,iron-fist,False,1
810,grookey,overgrow,False,1
810,grookey,grassy-surge,True,3
811,thwackey,overgrow,False,1
811,thwackey,grassy-surge,True,3
812,rillaboom,overgrow,False,1
812,rillaboom,grassy-surge,True,3
813,scorbunny,blaze,False,1
813,scorbunny,libero,True,3
814,raboot,blaze,False,1
814,raboot,libero,True,3
815,cinderace,blaze,False,1
815,cinderace,libero,True,3
816,sobble,torrent,False,1
816,sobble,sniper,True,3
817,drizzile,torrent,False,1
817,drizzile,sniper,True,3
818,inteleon,torrent,False,1
818,inteleon,sniper,True,3
819,skwovet,cheek-pouch,False,1
819,skwovet,gluttony,True,3
820,greedent,cheek-pouch,False,1
820,greedent,gluttony,True,3
821,rookidee,keen-eye,False,1
821,rookidee,unnerve,False,2
821,rookidee,big-pecks,True,3
822,corvisquire,keen-eye,False,1
822,corvisquire,unnerve,False,2
822,corvisquire,big-pecks,True,3
823,corviknight,pressure,False,1
823,corviknight,unnerve,False,2
823,corviknight,mirror-armor,True,3
824,blipbug,swarm,False,1
824,blipbug,compound-eyes,False,2
824,blipbug,telepathy,True,3
825,dottler,swarm,False,1
825,dottler,compound-eyes,False,2
825,dottler,telepathy,True,3
826,orbeetle,swarm,False,1
826,orbeetle,frisk,False,2
826,orbeetle,telepathy,True,3
827,nickit,run-away,False,1
827,nickit,unburden,False,2
827,nickit,stakeout,True,3
828,thievul,run-away,False,1
828,thievul,unburden,False,2
828,thievul,stakeout,True,3
829,gossifleur,cotton-down,False,1
829,gossifleur,regenerator,False,2
829,gossifleur,effect-spore,True,3
830,eldegoss,cotton-down,False,1
830,eldegoss,regenerator,False,2
830,eldegoss,effect-spore,True,3
831,wooloo,fluffy,False,1
831,wooloo,run-away,False,2
831,wooloo,bulletproof,True,3
832,dubwool,fluffy,False,1
832,dubwool,steadfast,False,2
832,dubwool,bulletproof,True,3
833,chewtle,strong-jaw,False,1
833,chewtle,shell-armor,False,2
833,chewtle,swift-swim,True,3
834,drednaw,strong-jaw,False,1
834,drednaw,shell-armor,False,2
834,drednaw,swift-swim,True,3
835,yamper,ball-fetch,False,1
835,yamper,rattled,True,3
836,boltund,strong-jaw,False,1
836,boltund,competitive,True,3
837,rolycoly,steam-engine,False,1
837,rolycoly,heatproof,False,2
837,rolycoly,flash-fire,True,3
838,carkol,steam-engine,False,1
838,carkol,flame-body,False,2
838,carkol,flash-fire,True,3
839,coalossal,steam-engine,False,1
839,coalossal,flame-body,False,2
839,coalossal,flash-fire,True,3
840,applin,ripen,False,1
840,applin,gluttony,False,2
840,applin,bulletproof,True,3
841,flapple,ripen,False,1
841,flapple,gluttony,False,2
841,flapple,hustle,True,3
842,appletun,ripen,False,1
842,appletun,gluttony,False,2
842,appletun,thick-fat,True,3
843,silicobra,sand-spit,False,1
843,silicobra,shed-skin,False,2
843,silicobra,sand-veil,True,3
844,sandaconda,sand-spit,False,1
844,sandaconda,shed-skin,False,2
844,sandaconda,sand-veil,True,3
845,cramorant,gulp-missile,False,1
846,arrokuda,swift-swim,False,1
846,arrokuda,propeller-tail,True,3
847,barraskewda,swift-swim,False,1
847,barraskewda,propeller-tail,True,3
848,toxel,rattled,False,1
848,toxel,static,False,2
848,toxel,klutz,True,3
849,toxtricity-amped,punk-rock,False,1
849,toxtricity-amped,plus,False,2
849,toxtricity-amped,technician,True,3
850,sizzlipede,flash-fire,False,1
850,sizzlipede,white-smoke,False,2
850,sizzlipede,flame-body,True,3
851,centiskorch,flash-fire,False,1
851,centiskorch,white-smoke,False,2
851,centiskorch,flame-body,True,3
852,clobbopus,limber,False,1
852,clobbopus,technician,True,3
853,grapploct,limber,False,1
853,grapploct,technician,True,3
854,sinistea,weak-armor,False,1
854,sinistea,cursed-body,True,3
855,polteageist,weak-armor,False,1
855,polteageist,cursed-body,True,3
856,hatenna,healer,False,1
856,hatenna,anticipation,False,2
856,hatenna,magic-bounce,True,3
857,hattrem,healer,False,1
857,hattrem,anticipation,False,2
857,hattrem,magic-bounce,True,3
858,hatterene,healer,False,1
858,hatterene,anticipation,False,2
858,hatterene,magic-bounce,True,3
859,impidimp,prankster,False,1
859,impidimp,frisk,False,2
859,impidimp,pickpocket,True,3
860,morgrem,prankster,False,1
860,morgrem,frisk,False,2
860,morgrem,pickpocket,True,3
861,grimmsnarl,prankster,False,1
861,grimmsnarl,frisk,False,2
861,grimmsnarl,pickpocket,True,3
862,obstagoon,reckless,False,1
862,obstagoon,guts,False,2
862,obstagoon,defiant,True,3
863,perrserker,battle-armor,False,1
863,perrserker,tough-claws,False,2
863,perrserker,steely-spirit,True,3
864,cursola,weak-armor,False,1
864,cursola,perish-body,True,3
865,sirfetchd,steadfast,False,1
865,sirfetchd,scrappy,True,3
866,mr-rime,tangled-feet,False,1
866,mr-rime,screen-cleaner,False,2
866,mr-rime,ice-body,True,3
867,runerigus,wandering-spirit,False,1
868,milcery,sweet-veil,False,1
868,milcery,aroma-veil,True,3
869,alcremie,sweet-veil,False,1
869,alcremie,aroma-veil,True,3
870,falinks,battle-armor,False,1
870,falinks,defiant,True,3
871,pincurchin,lightning-rod,False,1
871,pincurchin,electric-surge,True,3
872,snom,shield-dust,False,1
872,snom,ice-scales,True,3
873,frosmoth,shield-dust,False,1
873,frosmoth,ice-scales,True,3
874,stonjourner,power-spot,False,1
875,eiscue-ice,ice-face,False,1
876,indeedee-male,inner-focus,False,1
876,indeedee-male,synchronize,False,2
876,indeedee-male,psychic-surge,True,3
877,morpeko-full-belly,hunger-switch,False,1
878,cufant,sheer-force,False,1
878,cufant,heavy-metal,True,3
879,copperajah,sheer-force,False,1
879,copperajah,heavy-metal,True,3
880,dracozolt,volt-absorb,False,1
880,dracozolt,hustle,False,2
880,dracozolt,sand-rush,True,3
881,arctozolt,volt-absorb,False,1
881,arctozolt,static,False,2
881,arctozolt,slush-rush,True,3
882,dracovish,water-absorb,False,1
882,dracovish,strong-jaw,False,2
882,dracovish,sand-rush,True,3
883,arctovish,water-absorb,False,1
883,arctovish,ice-body,False,2
883,arctovish,slush-rush,True,3
884,duraludon,light-metal,False,1
884,duraludon,heavy-metal,False,2
884,duraludon,stalwart,True,3
885,dreepy,clear-body,False,1
885,dreepy,infiltrator,False,2
885,dreepy,cursed-body,True,3
886,drakloak,clear-body,False,1
886,drakloak,infiltrator,False,2
886,drakloak,cursed-body,True,3
887,dragapult,clear-body,False,1
887,dragapult,infiltrator,False,2
887,dragapult,cursed-body,True,3
888,zacian,intrepid-sword,False,1
889,zamazenta,dauntless-shield,False,1
890,eternatus,pressure,False,1
891,kubfu,inner-focus,False,1
892,urshifu-single-strike,unseen-fist,False,1
893,zarude,leaf-guard,False,1
894,regieleki,transistor,False,1
895,regidrago,dragons-maw,False,1
896,glastrier,chilling-neigh,False,1
897,spectrier,grim-neigh,False,1
898,calyrex,unnerve,False,1
899,wyrdeer,intimidate,False,1
899,wyrdeer,frisk,False,2
899,wyrdeer,sap-sipper,True,3
900,kleavor,swarm,False,1
900,kleavor,sheer-force,False,2
900,kleavor,sharpness,True,3
901,ursaluna,guts,False,1
901,ursaluna,bulletproof,False,2
901,ursaluna,unnerve,True,3
902,basculegion-male,swift-swim,False,1
902,basculegion-male,adaptability,False,2
902,basculegion-male,mold-breaker,True,3
903,sneasler,pressure,False,1
903,sneasler,unburden,False,2
903,sneasler,poison-touch,True,3
904,overqwil,poison-point,False,1
904,overqwil,swift-swim,False,2
904,overqwil,intimidate,True,3
905,enamorus-incarnate,cute-charm,False,1
905,enamorus-incarnate,contrary,True,3
906,sprigatito,overgrow,False,1
906,sprigatito,protean,True,3
907,floragato,overgrow,False,1
907,floragato,protean,True,3
908,meowscarada,overgrow,False,1
908,meowscarada,protean,True,3
909,fuecoco,blaze,False,1
909,fuecoco,unaware,True,3
910,crocalor,blaze,False,1
910,crocalor,unaware,True,3
911,skeledirge,blaze,False,1
911,skeledirge,unaware,True,3
912,quaxly,torrent,False,1
912,quaxly,moxie,True,3
913,quaxwell,torrent,False,1
913,quaxwell,moxie,True,3
914,quaquaval,torrent,False,1
914,quaquaval,moxie,True,3
915,lechonk,aroma-veil,False,1
915,lechonk,gluttony,False,2
915,lechonk,thick-fat,True,3
916,oinkologne-male,lingering-aroma,False,1
916,oinkologne-male,gluttony,False,2
916,oinkologne-male,thick-fat,True,3
917,tarountula,insomnia,False,1
917,tarountula,stakeout,True,3
918,spidops,insomnia,False,1
918,spidops,stakeout,True,3
919,nymble,swarm,False,1
919,nymble,tinted-lens,True,3
920,lokix,swarm,False,1
920,lokix,tinted-lens,True,3
921,pawmi,static,False,1
921,pawmi,natural-cure,False,2
921,pawmi,iron-fist,True,3
922,pawmo,volt-absorb,False,1
922,pawmo,natural-cure,False,2
922,pawmo,iron-fist,True,3
923,pawmot,volt-absorb,False,1
923,pawmot,natural-cure,False,2
923,pawmot,iron-fist,True,3
924,tandemaus,run-away,False,1
924,tandemaus,pickup,False,2
924,tandemaus,own-tempo,True,3
925,maushold-family-of-four,friend-guard,False,1
925,maushold-family-of-four,cheek-pouch,False,2
925,maushold-family-of-four,technician,True,3
926,fidough,own-tempo,False,1
926,fidough,klutz,True,3
927,dachsbun,well-baked-body,False,1
927,dachsbun,aroma-veil,True,3
928,smoliv,early-bird,False,1
928,smoliv,harvest,True,3
929,dolliv,early-bird,False,1
929,dolliv,harvest,True,3
930,arboliva,seed-sower,False,1
930,arboliva,harvest,True,3
931,squawkabilly-green-plumage,intimidate,False,1
931,squawkabilly-green-plumage,hustle,False,2
931,squawkabilly-green-plumage,guts,True,3
932,nacli,purifying-salt,False,1
932,nacli,sturdy,False,2
932,nacli,clear-body,True,3
933,naclstack,purifying-salt,False,1
933,naclstack,sturdy,False,2
933,naclstack,clear-body,True,3
934,garganacl,purifying-salt,False,1
934,garganacl,sturdy,False,2
934,garganacl,clear-body,True,3
935,charcadet,flash-fire,False,1
935,charcadet,flame-body,True,3
936,armarouge,flash-fire,False,1
936,armarouge,weak-armor,True,3
937,ceruledge,flash-fire,False,1
937,ceruledge,weak-armor,True,3
938,tadbulb,own-tempo,False,1
938,tadbulb,static,False,2
938,tadbulb,damp,True,3
939,bellibolt,electromorphosis,False,1
939,bellibolt,static,False,2
939,bellibolt,damp,True,3
940,wattrel,wind-power,False,1
940,wattrel,volt-absorb,False,2
940,wattrel,competitive,True,3
941,kilowattrel,wind-power,False,1
941,kilowattrel,volt-absorb,False,2
941,kilowattrel,competitive,True,3
942,maschiff,intimidate,False,1
942,maschiff,run-away,False,2
942,maschiff,stakeout,True,3
943,mabosstiff,intimidate,False,1
943,mabosstiff,guard-dog,False,2
943,mabosstiff,stakeout,True,3
944,shroodle,unburden,False,1
944,shroodle,pickpocket,False,2
944,shroodle,prankster,True,3
945,grafaiai,unburden,False,1
945,grafaiai,poison-touch,False,2
945,grafaiai,prankster,True,3
946,bramblin,wind-rider,False,1
946,bramblin,infiltrator,True,3
947,brambleghast,wind-rider,False,1
947,brambleghast,infiltrator,True,3
948,toedscool,mycelium-might,False,1
949,toedscruel,mycelium-might,False,1
950,klawf,anger-shell,False,1
950,klawf,shell-armor,False,2
950,klawf,regenerator,True,3
951,capsakid,chlorophyll,False,1
951,capsakid,insomnia,False,2
951,capsakid,klutz,True,3
952,scovillain,chlorophyll,False,1
952,scovillain,insomnia,False,2
952,scovillain,moody,True,3
953,rellor,compound-eyes,False,1
953,rellor,shed-skin,True,3
954,rabsca,synchronize,False,1
954,rabsca,telepathy,True,3
955,flittle,anticipation,False,1
955,flittle,frisk,False,2
955,flittle,speed-boost,True,3
956,espathra,opportunist,False,1
956,espathra,frisk,False,2
956,espathra,speed-boost,True,3
957,tinkatink,mold-breaker,False,1
957,tinkatink,own-tempo,False,2
957,tinkatink,pickpocket,True,3
958,tinkatuff,mold-breaker,False,1
958,tinkatuff,own-tempo,False,2
958,tinkatuff,pickpocket,True,3
959,tinkaton,mold-breaker,False,1
959,tinkaton,own-tempo,False,2
959,tinkaton,pickpocket,True,3
960,wiglett,gooey,False,1
960,wiglett,rattled,False,2
960,wiglett,sand-veil,True,3
961,wugtrio,gooey,False,1
961,wugtrio,rattled,False,2
961,wugtrio,sand-veil,True,3
962,bombirdier,big-pecks,False,1
962,bombirdier,keen-eye,False,2
962,bombirdier,rocky-payload,True,3
963,finizen,water-veil,False,1
964,palafin-zero,zero-to-hero,False,1
965,varoom,overcoat,False,1
965,varoom,slow-start,True,3
966,revavroom,overcoat,False,1
966,revavroom,filter,True,3
967,cyclizar,shed-skin,False,1
967,cyclizar,regenerator,True,3
968,orthworm,earth-eater,False,1
968,orthworm,sand-veil,True,3
969,glimmet,toxic-debris,False,1
969,glimmet,corrosion,True,3
970,glimmora,toxic-debris,False,1
970,glimmora,corrosion,True,3
971,greavard,pickup,False,1
971,greavard,fluffy,True,3
972,houndstone,sand-rush,False,1
972,houndstone,fluffy,True,3
973,flamigo,scrappy,False,1
973,flamigo,tangled-feet,False,2
973,flamigo,costar,True,3
974,cetoddle,thick-fat,False,1
974,cetoddle,snow-cloak,False,2
974,cetoddle,sheer-force,True,3
975,cetitan,thick-fat,False,1
975,cetitan,slush-rush,False,2
975,cetitan,sheer-force,True,3
976,veluza,mold-breaker,False,1
976,veluza,sharpness,True,3
977,dondozo,unaware,False,1
977,dondozo,oblivious,False,2
977,dondozo,water-veil,True,3
978,tatsugiri-curly,commander,False,1
978,tatsugiri-curly,storm-drain,True,3
979,annihilape,vital-spirit,False,1
979,annihilape,inner-focus,False,2
979,annihilape,defiant,True,3
980,clodsire,poison-point,False,1
980,clodsire,water-absorb,False,2
980,clodsire,unaware,True,3
981,farigiraf,cud-chew,False,1
981,farigiraf,armor-tail,False,2
981,farigiraf,sap-sipper,True,3
982,dudunsparce-two-segment,serene-grace,False,1
982,dudunsparce-two-segment,run-away,False,2
982,dudunsparce-two-segment,rattled,True,3
983,kingambit,defiant,False,1
983,kingambit,supreme-overlord,False,2
983,kingambit,pressure,True,3
984,great-tusk,protosynthesis,False,1
985,scream-tail,protosynthesis,False,1
986,brute-bonnet,protosynthesis,False,1
987,flutter-mane,protosynthesis,False,1
988,slither-wing,protosynthesis,False,1
989,sandy-shocks,protosynthesis,False,1
990,iron-treads,quark-drive,False,1
991,iron-bundle,quark-drive,False,1
992,iron-hands,quark-drive,False,1
993,iron-jugulis,quark-drive,False,1
994,iron-moth,quark-drive,False,1
995,iron-thorns,quark-drive,False,1
996,frigibax,thermal-exchange,False,1
996,frigibax,ice-body,True,3
997,arctibax,thermal-exchange,False,1
997,arctibax,ice-body,True,3
998,baxcalibur,thermal-exchange,False,1
998,baxcalibur,ice-body,True,3
999,gimmighoul,rattled,False,1
1000,gholdengo,good-as-gold,False,1
1001,wo-chien,tablets-of-ruin,False,1
1002,chien-pao,sword-of-ruin,False,1
1003,ting-lu,vessel-of-ruin,False,1
1004,chi-yu,beads-of-ruin,False,1
1005,roaring-moon,protosynthesis,False,1
1006,iron-valiant,quark-drive,False,1
1007,koraidon,orichalcum-pulse,False,1
1008,miraidon,hadron-engine,False,1
1009,walking-wake,protosynthesis,False,1
1010,iron-leaves,quark-drive,False,1
1011,dipplin,supersweet-syrup,False,1
1011,dipplin,gluttony,False,2
1011,dipplin,sticky-hold,True,3
1012,poltchageist,hospitality,False,1
1012,poltchageist,heatproof,True,3
1013,sinistcha,hospitality,False,1
1013,sinistcha,heatproof,True,3
1014,okidogi,toxic-chain,False,1
1014,okidogi,guard-dog,True,3
1015,munkidori,toxic-chain,False,1
1015,munkidori,frisk,True,3
1016,fezandipiti,toxic-chain,False,1
1016,fezandipiti,technician,True,3
1017,ogerpon,defiant,False,1
1018,archaludon,stamina,False,1
1018,archaludon,sturdy,False,2
1018,archaludon,stalwart,True,3
1019,hydrapple,supersweet-syrup,False,1
1019,hydrapple,regenerator,False,2
1019,hydrapple,sticky-hold,True,3
1020,gouging-fire,protosynthesis,False,1
1021,raging-bolt,protosynthesis,False,1
1022,iron-boulder,quark-drive,False,1
1023,iron-crown,quark-drive,False,1
1024,terapagos,tera-shift,False,1
1025,pecharunt,poison-puppeteer,False,1
10001,deoxys-attack,pressure,False,1
10002,deoxys-defense,pressure,False,1
10003,deoxys-speed,pressure,False,1
10004,wormadam-sandy,anticipation,False,1
10004,wormadam-sandy,overcoat,True,3
10005,wormadam-trash,anticipation,False,1
10005,wormadam-trash,overcoat,True,3
10006,shaymin-sky,serene-grace,False,1
10007,giratina-origin,levitate,False,1
10008,rotom-heat,levitate,False,1
10009,rotom-wash,levitate,False,1
10010,rotom-frost,levitate,False,1
10011,rotom-fan,levitate,False,1
10012,rotom-mow,levitate,False,1
10013,castform-sunny,forecast,False,1
10014,castform-rainy,forecast,False,1
10015,castform-snowy,forecast,False,1
10016,basculin-blue-striped,rock-head,False,1
10016,basculin-blue-striped,adaptability,False,2
10016,basculin-blue-striped,mold-breaker,True,3
10017,darmanitan-zen,sheer-force,False,1
10017,darmanitan-zen,zen-mode,True,3
10018,meloetta-pirouette,serene-grace,False,1
10019,tornadus-therian,regenerator,False,1
10020,thundurus-therian,volt-absorb,False,1
10021,landorus-therian,intimidate,False,1
10022,kyurem-black,teravolt,False,1
10023,kyurem-white,turboblaze,False,1
10024,keldeo-resolute,justified,False,1
10025,meowstic-female,keen-eye,False,1
10025,meowstic-female,infiltrator,False,2
10025,meowstic-female,competitive,True,3
10026,aegislash-blade,stance-change,False,1
10027,pumpkaboo-small,pickup,False,1
10027,pumpkaboo-small,frisk,False,2
10027,pumpkaboo-small,insomnia,True,3
10028,pumpkaboo-large,pickup,False,1
10028,pumpkaboo-large,frisk,False,2
10028,pumpkaboo-large,insomnia,True,3
10029,pumpkaboo-super,pickup,False,1
10029,pumpkaboo-super,frisk,False,2
10029,pumpkaboo-super,insomnia,True,3
10030,gourgeist-small,pickup,False,1
10030,gourgeist-small,frisk,False,2
10030,gourgeist-small,insomnia,True,3
10031,gourgeist-large,pickup,False,1
10031,gourgeist-large,frisk,False,2
10031,gourgeist-large,insomnia,True,3
10032,gourgeist-super,pickup,False,1
10032,gourgeist-super,frisk,False,2
10032,gourgeist-super,insomnia,True,3
10033,venusaur-mega,thick-fat,False,1
10034,charizard-mega-x,tough-claws,False,1
10035,charizard-mega-y,drought,False,1
10036,blastoise-mega,mega-launcher,False,1
10037,alakazam-mega,trace,False,1
10038,gengar-mega,shadow-tag,False,1
10039,kangaskhan-mega,parental-bond,False,1
10040,pinsir-mega,aerilate,False,1
10041,gyarados-mega,mold-breaker,False,1
10042,aerodactyl-mega,tough-claws,False,1
10043,mewtwo-mega-x,steadfast,False,1
10044,mewtwo-mega-y,insomnia,False,1
10045,ampharos-mega,mold-breaker,False,1
10046,scizor-mega,technician,False,1
10047,heracross-mega,skill-link,False,1
10048,houndoom-mega,solar-power,False,1
10049,tyranitar-mega,sand-stream,False,1
10050,blaziken-mega,speed-boost,False,1
10051,gardevoir-mega,pixilate,False,1
10052,mawile-mega,huge-power,False,1
10053,aggron-mega,filter,False,1
10054,medicham-mega,pure-power,False,1
10055,manectric-mega,intimidate,False,1
10056,banette-mega,prankster,False,1
10057,absol-mega,magic-bounce,False,1
10058,garchomp-mega,sand-force,False,1
10059,lucario-mega,adaptability,False,1
10060,abomasnow-mega,snow-warning,False,1
10061,floette-eternal,flower-veil,False,1
10061,floette-eternal,symbiosis,True,3
10062,latias-mega,levitate,False,1
10063,latios-mega,levitate,False,1
10064,swampert-mega,swift-swim,False,1
10065,sceptile-mega,lightning-rod,False,1
10066,sableye-mega,magic-bounce,False,1
10067,altaria-mega,pixilate,False,1
10068,gallade-mega,inner-focus,False,1
10069,audino-mega,healer,False,1
10070,sharpedo-mega,strong-jaw,False,1
10071,slowbro-mega,shell-armor,False,1
10072,steelix-mega,sand-force,False,1
10073,pidgeot-mega,no-guard,False,1
10074,glalie-mega,refrigerate,False,1
10075,diancie-mega,magic-bounce,False,1
10076,metagross-mega,tough-claws,False,1
10077,kyogre-primal,primordial-sea,False,1
10078,groudon-primal,desolate-land,False,1
10079,rayquaza-mega,delta-stream,False,1
10080,pikachu-rock-star,static,False,1
10080,pikachu-rock-star,lightning-rod,True,3
10081,pikachu-belle,static,False,1
10081,pikachu-belle,lightning-rod,True,3
10082,pikachu-pop-star,static,False,1
10082,pikachu-pop-star,lightning-rod,True,3
10083,pikachu-phd,static,False,1
10083,pikachu-phd,lightning-rod,True,3
10084,pikachu-libre,static,False,1
10084,pikachu-libre,lightning-rod,True,3
10085,pikachu-cosplay,static,False,1
10085,pikachu-cosplay,lightning-rod,True,3
10086,hoopa-unbound,magician,False,1
10087,camerupt-mega,sheer-force,False,1
10088,lopunny-mega,scrappy,False,1
10089,salamence-mega,aerilate,False,1
10090,beedrill-mega,adaptability,False,1
10091,rattata-alola,gluttony,False,1
10091,rattata-alola,hustle,False,2
10091,rattata-alola,thick-fat,True,3
10092,raticate-alola,gluttony,False,1
10092,raticate-alola,hustle,False,2
10092,raticate-alola,thick-fat,True,3
10093,raticate-totem-alola,gluttony,False,1
10093,raticate-totem-alola,hustle,False,2
10093,raticate-totem-alola,thick-fat,True,3
10094,pikachu-original-cap,static,False,1
10094,pikachu-original-cap,lightning-rod,True,3
10095,pikachu-hoenn-cap,static,False,1
10095,pikachu-hoenn-cap,lightning-rod,True,3
10096,pikachu-sinnoh-cap,static,False,1
10096,pikachu-sinnoh-cap,lightning-rod,True,3
10097,pikachu-unova-cap,static,False,1
10097,pikachu-unova-cap,lightning-rod,True,3
10098,pikachu-kalos-cap,static,False,1
10098,pikachu-kalos-cap,lightning-rod,True,3
10099,pikachu-alola-cap,static,False,1
10099,pikachu-alola-cap,lightning-rod,True,3
10100,raichu-alola,surge-surfer,False,1
10101,sandshrew-alola,snow-cloak,False,1
10101,sandshrew-alola,slush-rush,True,3
10102,sandslash-alola,snow-cloak,False,1
10102,sandslash-alola,slush-rush,True,3
10103,vulpix-alola,snow-cloak,False,1
10103,vulpix-alola,snow-warning,True,3
10104,ninetales-alola,snow-cloak,False,1
10104,ninetales-alola,snow-warning,True,3
10105,diglett-alola,sand-veil,False,1
10105,diglett-alola,tangling-hair,False,2
10105,diglett-alola,sand-force,True,3
10106,dugtrio-alola,sand-veil,False,1
10106,dugtrio-alola,tangling-hair,False,2
10106,dugtrio-alola,sand-force,True,3
10107,meowth-alola,pickup,False,1
10107,meowth-alola,technician,False,2
10107,meowth-alola,rattled,True,3
10108,persian-alola,fur-coat,False,1
10108,persian-alola,technician,False,2
10108,persian-alola,rattled,True,3
10109,geodude-alola,magnet-pull,False,1
10109,geodude-alola,sturdy,False,2
10109,geodude-alola,galvanize,True,3
10110,graveler-alola,magnet-pull,False,1
10110,graveler-alola,sturdy,False,2
10110,graveler-alola,galvanize,True,3
10111,golem-alola,magnet-pull,False,1
10111,golem-alola,sturdy,False,2
10111,golem-alola,galvanize,True,3
10112,grimer-alola,poison-touch,False,1
10112,grimer-alola,gluttony,False,2
10112,grimer-alola,power-of-alchemy,True,3
10113,muk-alola,poison-touch,False,1
10113,muk-alola,gluttony,False,2
10113,muk-alola,power-of-alchemy,True,3
10114,exeggutor-alola,frisk,False,1
10114,exeggutor-alola,harvest,True,3
10115,marowak-alola,cursed-body,False,1
10115,marowak-alola,lightning-rod,False,2
10115,marowak-alola,rock-head,True,3
10116,greninja-battle-bond,battle-bond,False,1
10117,greninja-ash,battle-bond,False,1
10118,zygarde-10-power-construct,power-construct,False,1
10119,zygarde-50-power-construct,power-construct,False,1
10120,zygarde-complete,power-construct,False,1
10121,gumshoos-totem,stakeout,False,1
10121,gumshoos-totem,strong-jaw,False,2
10121,gumshoos-totem,adaptability,True,3
10122,vikavolt-totem,levitate,False,1
10123,oricorio-pom-pom,dancer,False,1
10124,oricorio-pau,dancer,False,1
10125,oricorio-sensu,dancer,False,1
10126,lycanroc-midnight,keen-eye,False,1
10126,lycanroc-midnight,vital-spirit,False,2
10126,lycanroc-midnight,no-guard,True,3
10127,wishiwashi-school,schooling,False,1
10128,lurantis-totem,leaf-guard,False,1
10128,lurantis-totem,contrary,True,3
10129,salazzle-totem,corrosion,False,1
10129,salazzle-totem,oblivious,True,3
10130,minior-orange-meteor,shields-down,False,1
10131,minior-yellow-meteor,shields-down,False,1
10132,minior-green-meteor,shields-down,False,1
10133,minior-blue-meteor,shields-down,False,1
10134,minior-indigo-meteor,shields-down,False,1
10135,minior-violet-meteor,shields-down,False,1
10136,minior-red,shields-down,False,1
10137,minior-orange,shields-down,False,1
10138,minior-yellow,shields-down,False,1
10139,minior-green,shields-down,False,1
10140,minior-blue,shields-down,False,1
10141,minior-indigo,shields-down,False,1
10142,minior-violet,shields-down,False,1
10143,mimikyu-busted,disguise,False,1
10144,mimikyu-totem-disguised,disguise,False,1
10145,mimikyu-totem-busted,disguise,False,1
10146,kommo-o-totem,bulletproof,False,1
10146,kommo-o-totem,soundproof,False,2
10146,kommo-o-totem,overcoat,True,3
10147,magearna-original,soul-heart,False,1
10148,pikachu-partner-cap,static,False,1
10148,pikachu-partner-cap,lightning-rod,True,3
10149,marowak-totem,cursed-body,False,1
10149,marowak-totem,lightning-rod,False,2
10149,marowak-totem,rock-head,True,3
10150,ribombee-totem,honey-gather,False,1
10150,ribombee-totem,shield-dust,False,2
10150,ribombee-totem,sweet-veil,True,3
10151,rockruff-own-tempo,own-tempo,False,1
10152,lycanroc-dusk,tough-claws,False,1
10153,araquanid-totem,water-bubble,False,1
10153,araquanid-totem,water-absorb,True,3
10154,togedemaru-totem,iron-barbs,False,1
10154,togedemaru-totem,lightning-rod,False,2
10154,togedemaru-totem,sturdy,True,3
10155,necrozma-dusk,prism-armor,False,1
10156,necrozma-dawn,prism-armor,False,1
10157,necrozma-ultra,neuroforce,False,1
10158,pikachu-starter,static,False,1
10158,pikachu-starter,lightning-rod,True,3
10159,eevee-starter,run-away,False,1
10159,eevee-starter,adaptability,False,2
10159,eevee-starter,anticipation,True,3
10160,pikachu-world-cap,static,False,1
10160,pikachu-world-cap,lightning-rod,True,3
10161,meowth-galar,pickup,False,1
10161,meowth-galar,tough-claws,False,2
10161,meowth-galar,unnerve,True,3
10162,ponyta-galar,run-away,False,1
10162,ponyta-galar,pastel-veil,False,2
10162,ponyta-galar,anticipation,True,3
10163,rapidash-galar,run-away,False,1
10163,rapidash-galar,pastel-veil,False,2
10163,rapidash-galar,anticipation,True,3
10164,slowpoke-galar,gluttony,False,1
10164,slowpoke-galar,own-tempo,False,2
10164,slowpoke-galar,regenerator,True,3
10165,slowbro-galar,quick-draw,False,1
10165,slowbro-galar,own-tempo,False,2
10165,slowbro-galar,regenerator,True,3
10166,farfetchd-galar,steadfast,False,1
10166,farfetchd-galar,scrappy,True,3
10167,weezing-galar,levitate,False,1
10167,weezing-galar,neutralizing-gas,False,2
10167,weezing-galar,misty-surge,True,3
10168,mr-mime-galar,vital-spirit,False,1
10168,mr-mime-galar,screen-cleaner,False,2
10168,mr-mime-galar,ice-body,True,3
10169,articuno-galar,competitive,False,1
10170,zapdos-galar,defiant,False,1
10171,moltres-galar,berserk,False,1
10172,slowking-galar,curious-medicine,False,1
10172,slowking-galar,own-tempo,False,2
10172,slowking-galar,regenerator,True,3
10173,corsola-galar,weak-armor,False,1
10173,corsola-galar,cursed-body,True,3
10174,zigzagoon-galar,pickup,False,1
10174,zigzagoon-galar,gluttony,False,2
10174,zigzagoon-galar,quick-feet,True,3
10175,linoone-galar,pickup,False,1
10175,linoone-galar,gluttony,False,2
10175,linoone-galar,quick-feet,True,3
10176,darumaka-galar,hustle,False,1
10176,darumaka-galar,inner-focus,True,3
10177,darmanitan-galar-standard,gorilla-tactics,False,1
10177,darmanitan-galar-standard,zen-mode,True,3
10178,darmanitan-galar-zen,gorilla-tactics,False,1
10178,darmanitan-galar-zen,zen-mode,True,3
10179,yamask-galar,wandering-spirit,False,1
10180,stunfisk-galar,mimicry,False,1
10181,zygarde-10,aura-break,False,1
10182,cramorant-gulping,gulp-missile,False,1
10183,cramorant-gorging,gulp-missile,False,1
10184,toxtricity-low-key,punk-rock,False,1
10184,toxtricity-low-key,minus,False,2
10184,toxtricity-low-key,technician,True,3
10185,eiscue-noice,ice-face,False,1
10186,indeedee-female,own-tempo,False,1
10186,indeedee-female,synchronize,False,2
10186,indeedee-female,psychic-surge,True,3
10187,morpeko-hangry,hunger-switch,False,1
10188,zacian-crowned,intrepid-sword,False,1
10189,zamazenta-crowned,dauntless-shield,False,1
10190,eternatus-eternamax,pressure,False,1
10191,urshifu-rapid-strike,unseen-fist,False,1
10192,zarude-dada,leaf-guard,False,1
10193,calyrex-ice,as-one-glastrier,False,1
10194,calyrex-shadow,as-one-spectrier,False,1
10195,venusaur-gmax,overgrow,False,1
10195,venusaur-gmax,chlorophyll,True,3
10196,charizard-gmax,blaze,False,1
10196,charizard-gmax,solar-power,True,3
10197,blastoise-gmax,torrent,False,1
10197,blastoise-gmax,rain-dish,True,3
10198,butterfree-gmax,compound-eyes,False,1
10198,butterfree-gmax,tinted-lens,True,3
10199,pikachu-gmax,static,False,1
10199,pikachu-gmax,lightning-rod,True,3
10200,meowth-gmax,pickup,False,1
10200,meowth-gmax,technician,False,2
10200,meowth-gmax,unnerve,True,3
10201,machamp-gmax,guts,False,1
10201,machamp-gmax,no-guard,False,2
10201,machamp-gmax,steadfast,True,3
10202,gengar-gmax,cursed-body,False,1
10203,kingler-gmax,hyper-cutter,False,1
10203,kingler-gmax,shell-armor,False,2
10203,kingler-gmax,sheer-force,True,3
10204,lapras-gmax,water-absorb,False,1
10204,lapras-gmax,shell-armor,False,2
10204,lapras-gmax,hydration,True,3
10205,eevee-gmax,run-away,False,1
10205,eevee-gmax,adaptability,False,2
10205,eevee-gmax,anticipation,True,3
10206,snorlax-gmax,immunity,False,1
10206,snorlax-gmax,thick-fat,False,2
10206,snorlax-gmax,gluttony,True,3
10207,garbodor-gmax,stench,False,1
10207,garbodor-gmax,weak-armor,False,2
10207,garbodor-gmax,aftermath,True,3
10208,melmetal-gmax,iron-fist,False,1
10209,rillaboom-gmax,overgrow,False,1
10209,rillaboom-gmax,grassy-surge,True,3
10210,cinderace-gmax,blaze,False,1
10210,cinderace-gmax,libero,True,3
10211,inteleon-gmax,torrent,False,1
10211,inteleon-gmax,sniper,True,3
10212,corviknight-gmax,pressure,False,1
10212,corviknight-gmax,unnerve,False,2
10212,corviknight-gmax,mirror-armor,True,3
10213,orbeetle-gmax,swarm,False,1
10213,orbeetle-gmax,frisk,False,2
10213,orbeetle-gmax,telepathy,True,3
10214,drednaw-gmax,strong-jaw,False,1
10214,drednaw-gmax,shell-armor,False,2
10214,drednaw-gmax,swift-swim,True,3
10215,coalossal-gmax,steam-engine,False,1
10215,coalossal-gmax,flame-body,False,2
10215,coalossal-gmax,flash-fire,True,3
10216,flapple-gmax,ripen,False,1
10216,flapple-gmax,gluttony,False,2
10216,flapple-gmax,hustle,True,3
10217,appletun-gmax,ripen,False,1
10217,appletun-gmax,gluttony,False,2
10217,appletun-gmax,thick-fat,True,3
10218,sandaconda-gmax,sand-spit,False,1
10218,sandaconda-gmax,shed-skin,False,2
10218,sandaconda-gmax,sand-veil,True,3
10219,toxtricity-amped-gmax,punk-rock,False,1
10219,toxtricity-amped-gmax,plus,False,2
10219,toxtricity-amped-gmax,technician,True,3
10220,centiskorch-gmax,flash-fire,False,1
10220,centiskorch-gmax,white-smoke,False,2
10220,centiskorch-gmax,flame-body,True,3
10221,hatterene-gmax,healer,False,1
10221,hatterene-gmax,anticipation,False,2
10221,hatterene-gmax,magic-bounce,True,3
10222,grimmsnarl-gmax,prankster,False,1
10222,grimmsnarl-gmax,frisk,False,2
10222,grimmsnarl-gmax,pickpocket,True,3
10223,alcremie-gmax,sweet-veil,False,1
10223,alcremie-gmax,aroma-veil,True,3
10224,copperajah-gmax,sheer-force,False,1
10224,copperajah-gmax,heavy-metal,True,3
10225,duraludon-gmax,light-metal,False,1
10225,duraludon-gmax,heavy-metal,False,2
10225,duraludon-gmax,stalwart,True,3
10226,urshifu-single-strike-gmax,unseen-fist,False,1
10227,urshifu-rapid-strike-gmax,unseen-fist,False,1
10228,toxtricity-low-key-gmax,punk-rock,False,1
10228,toxtricity-low-key-gmax,minus,False,2
10228,toxtricity-low-key-gmax,technician,True,3
10229,growlithe-hisui,intimidate,False,1
10229,growlithe-hisui,flash-fire,False,2
10229,growlithe-hisui,rock-head,True,3
10230,arcanine-hisui,intimidate,False,1
10230,arcanine-hisui,flash-fire,False,2
10230,arcanine-hisui,rock-head,True,3
10231,voltorb-hisui,soundproof,False,1
10231,voltorb-hisui,static,False,2
10231,voltorb-hisui,aftermath,True,3
10232,electrode-hisui,soundproof,False,1
10232,electrode-hisui,static,False,2
10232,electrode-hisui,aftermath,True,3
10233,typhlosion-hisui,blaze,False,1
10233,typhlosion-hisui,frisk,True,3
10234,qwilfish-hisui,poison-point,False,1
10234,qwilfish-hisui,swift-swim,False,2
10234,qwilfish-hisui,intimidate,True,3
10235,sneasel-hisui,inner-focus,False,1
10235,sneasel-hisui,keen-eye,False,2
10235,sneasel-hisui,pickpocket,True,3
10236,samurott-hisui,torrent,False,1
10236,samurott-hisui,sharpness,True,3
10237,lilligant-hisui,chlorophyll,False,1
10237,lilligant-hisui,hustle,False,2
10237,lilligant-hisui,leaf-guard,True,3
10238,zorua-hisui,illusion,False,1
10239,zoroark-hisui,illusion,False,1
10240,braviary-hisui,keen-eye,False,1
10240,braviary-hisui,sheer-force,False,2
10240,braviary-hisui,tinted-lens,True,3
10241,sliggoo-hisui,sap-sipper,False,1
10241,sliggoo-hisui,shell-armor,False,2
10241,sliggoo-hisui,gooey,True,3
10242,goodra-hisui,sap-sipper,False,1
10242,goodra-hisui,shell-armor,False,2
10242,goodra-hisui,gooey,True,3
10243,avalugg-hisui,strong-jaw,False,1
10243,avalugg-hisui,ice-body,False,2
10243,avalugg-hisui,sturdy,True,3
10244,decidueye-hisui,overgrow,False,1
10244,decidueye-hisui,scrappy,True,3
10245,dialga-origin,pressure,False,1
10245,dialga-origin,telepathy,True,3
10246,palkia-origin,pressure,False,1
10246,palkia-origin,telepathy,True,3
10247,basculin-white-striped,rattled,False,1
10247,basculin-white-striped,adaptability,False,2
10247,basculin-white-striped,mold-breaker,True,3
10248,basculegion-female,swift-swim,False,1
10248,basculegion-female,adaptability,False,2
10248,basculegion-female,mold-breaker,True,3
10249,enamorus-therian,overcoat,False,1
10250,tauros-paldea-combat-breed,intimidate,False,1
10250,tauros-paldea-combat-breed,anger-point,False,2
10250,tauros-paldea-combat-breed,cud-chew,True,3
10251,tauros-paldea-blaze-breed,intimidate,False,1
10251,tauros-paldea-blaze-breed,anger-point,False,2
10251,tauros-paldea-blaze-breed,cud-chew,True,3
10252,tauros-paldea-aqua-breed,intimidate,False,1
10252,tauros-paldea-aqua-breed,anger-point,False,2
10252,tauros-paldea-aqua-breed,cud-chew,True,3
10253,wooper-paldea,poison-point,False,1
10253,wooper-paldea,water-absorb,False,2
10253,wooper-paldea,unaware,True,3
10254,oinkologne-female,aroma-veil,False,1
10254,oinkologne-female,gluttony,False,2
10254,oinkologne-female,thick-fat,True,3
10255,dudunsparce-three-segment,serene-grace,False,1
10255,dudunsparce-three-segment,run-away,False,2
10255,dudunsparce-three-segment,rattled,True,3
10256,palafin-hero,zero-to-hero,False,1
10257,maushold-family-of-three,friend-guard,False,1
10257,maushold-family-of-three,cheek-pouch,False,2
10257,maushold-family-of-three,technician,True,3
10258,tatsugiri-droopy,commander,False,1
10258,tatsugiri-droopy,storm-drain,True,3
10259,tatsugiri-stretchy,commander,False,1
10259,tatsugiri-stretchy,storm-drain,True,3
10260,squawkabilly-blue-plumage,intimidate,False,1
10260,squawkabilly-blue-plumage,hustle,False,2
10260,squawkabilly-blue-plumage,guts,True,3
10261,squawkabilly-yellow-plumage,intimidate,False,1
10261,squawkabilly-yellow-plumage,hustle,False,2
10261,squawkabilly-yellow-plumage,sheer-force,True,3
10262,squawkabilly-white-plumage,intimidate,False,1
10262,squawkabilly-white-plumage,hustle,False,2
10262,squawkabilly-white-plumage,sheer-force,True,3
10263,gimmighoul-roaming,run-away,False,1
10264,koraidon-limited-build,orichalcum-pulse,False,1
10265,koraidon-sprinting-build,orichalcum-pulse,False,1
10266,koraidon-swimming-build,orichalcum-pulse,False,1
10267,koraidon-gliding-build,orichalcum-pulse,False,1
10268,miraidon-low-power-mode,hadron-engine,False,1
10269,miraidon-drive-mode,hadron-engine,False,1
10270,miraidon-aquatic-mode,hadron-engine,False,1
10271,miraidon-glide-mode,hadron-engine,False,1
10272,ursaluna-bloodmoon,minds-eye,False,1
10273,ogerpon-wellspring-mask,water-absorb,False,1
10274,ogerpon-hearthflame-mask,mold-breaker,False,1
10275,ogerpon-cornerstone-mask,sturdy,False,1
10276,terapagos-terastal,tera-shell,False,1
10277,terapagos-stellar,teraform-zero,False,1
10278,clefable-mega,magic-bounce,False,1
10279,victreebel-mega,innards-out,False,1
10280,starmie-mega,huge-power,False,1
10281,dragonite-mega,multiscale,False,1
10282,meganium-mega,mega-sol,False,1
10283,feraligatr-mega,dragonize,False,1
10284,skarmory-mega,stalwart,False,1
10285,froslass-mega,snow-warning,False,1
10286,emboar-mega,mold-breaker,False,1
10287,excadrill-mega,piercing-drill,False,1
10291,chandelure-mega,infiltrator,False,1
10292,chesnaught-mega,bulletproof,False,1
10293,delphox-mega,levitate,False,1
10294,greninja-mega,protean,False,1
10296,floette-mega,fairy-aura,False,1
10300,hawlucha-mega,no-guard,False,1
10302,drampa-mega,berserk,False,1
10306,chimecho-mega,levitate,False,1
10313,golurk-mega,unseen-fist,False,1
10314,meowstic-mega,trace,False,1
10315,crabominable-mega,iron-fist,False,1
10320,scovillain-mega,spicy-spray,False,1
10321,glimmora-mega,adaptability,False,1
